file_name,Te,logg
da05000_650.dk.dat.txt,5000,6.5
da05000_675.dk.dat.txt,5000,6.75
da05000_700.dk.dat.txt,5000,7.0
da05000_725.dk.dat.txt,5000,7.25
da05000_750.dk.dat.txt,5000,7.5
da05000_775.dk.dat.txt,5000,7.75
da05000_800.dk.dat.txt,5000,8.0
da05000_825.dk.dat.txt,5000,8.25
da05000_850.dk.dat.txt,5000,8.5
da05000_875.dk.dat.txt,5000,8.75
da05000_900.dk.dat.txt,5000,9.0
da05000_925.dk.dat.txt,5000,9.25
da05000_950.dk.dat.txt,5000,9.5
da05250_650.dk.dat.txt,5250,6.5
da05250_675.dk.dat.txt,5250,6.75
da05250_700.dk.dat.txt,5250,7.0
da05250_725.dk.dat.txt,5250,7.25
da05250_750.dk.dat.txt,5250,7.5
da05250_775.dk.dat.txt,5250,7.75
da05250_800.dk.dat.txt,5250,8.0
da05250_825.dk.dat.txt,5250,8.25
da05250_850.dk.dat.txt,5250,8.5
da05250_875.dk.dat.txt,5250,8.75
da05250_900.dk.dat.txt,5250,9.0
da05250_925.dk.dat.txt,5250,9.25
da05250_950.dk.dat.txt,5250,9.5
da05500_650.dk.dat.txt,5500,6.5
da05500_675.dk.dat.txt,5500,6.75
da05500_700.dk.dat.txt,5500,7.0
da05500_725.dk.dat.txt,5500,7.25
da05500_750.dk.dat.txt,5500,7.5
da05500_775.dk.dat.txt,5500,7.75
da05500_800.dk.dat.txt,5500,8.0
da05500_825.dk.dat.txt,5500,8.25
da05500_850.dk.dat.txt,5500,8.5
da05500_875.dk.dat.txt,5500,8.75
da05500_900.dk.dat.txt,5500,9.0
da05500_925.dk.dat.txt,5500,9.25
da05500_950.dk.dat.txt,5500,9.5
da05750_650.dk.dat.txt,5750,6.5
da05750_675.dk.dat.txt,5750,6.75
da05750_700.dk.dat.txt,5750,7.0
da05750_725.dk.dat.txt,5750,7.25
da05750_750.dk.dat.txt,5750,7.5
da05750_775.dk.dat.txt,5750,7.75
da05750_800.dk.dat.txt,5750,8.0
da05750_825.dk.dat.txt,5750,8.25
da05750_850.dk.dat.txt,5750,8.5
da05750_875.dk.dat.txt,5750,8.75
da05750_900.dk.dat.txt,5750,9.0
da05750_925.dk.dat.txt,5750,9.25
da05750_950.dk.dat.txt,5750,9.5
da06000_650.dk.dat.txt,6000,6.5
da06000_675.dk.dat.txt,6000,6.75
da06000_700.dk.dat.txt,6000,7.0
da06000_725.dk.dat.txt,6000,7.25
da06000_750.dk.dat.txt,6000,7.5
da06000_775.dk.dat.txt,6000,7.75
da06000_800.dk.dat.txt,6000,8.0
da06000_825.dk.dat.txt,6000,8.25
da06000_850.dk.dat.txt,6000,8.5
da06000_875.dk.dat.txt,6000,8.75
da06000_900.dk.dat.txt,6000,9.0
da06000_925.dk.dat.txt,6000,9.25
da06000_950.dk.dat.txt,6000,9.5
da06250_650.dk.dat.txt,6250,6.5
da06250_675.dk.dat.txt,6250,6.75
da06250_700.dk.dat.txt,6250,7.0
da06250_725.dk.dat.txt,6250,7.25
da06250_750.dk.dat.txt,6250,7.5
da06250_775.dk.dat.txt,6250,7.75
da06250_800.dk.dat.txt,6250,8.0
da06250_825.dk.dat.txt,6250,8.25
da06250_850.dk.dat.txt,6250,8.5
da06250_875.dk.dat.txt,6250,8.75
da06250_900.dk.dat.txt,6250,9.0
da06250_925.dk.dat.txt,6250,9.25
da06250_950.dk.dat.txt,6250,9.5
da06500_650.dk.dat.txt,6500,6.5
da06500_675.dk.dat.txt,6500,6.75
da06500_700.dk.dat.txt,6500,7.0
da06500_725.dk.dat.txt,6500,7.25
da06500_750.dk.dat.txt,6500,7.5
da06500_775.dk.dat.txt,6500,7.75
da06500_800.dk.dat.txt,6500,8.0
da06500_825.dk.dat.txt,6500,8.25
da06500_850.dk.dat.txt,6500,8.5
da06500_875.dk.dat.txt,6500,8.75
da06500_900.dk.dat.txt,6500,9.0
da06500_925.dk.dat.txt,6500,9.25
da06500_950.dk.dat.txt,6500,9.5
da06750_650.dk.dat.txt,6750,6.5
da06750_675.dk.dat.txt,6750,6.75
da06750_700.dk.dat.txt,6750,7.0
da06750_725.dk.dat.txt,6750,7.25
da06750_750.dk.dat.txt,6750,7.5
da06750_775.dk.dat.txt,6750,7.75
da06750_800.dk.dat.txt,6750,8.0
da06750_825.dk.dat.txt,6750,8.25
da06750_850.dk.dat.txt,6750,8.5
da06750_875.dk.dat.txt,6750,8.75
da06750_900.dk.dat.txt,6750,9.0
da06750_925.dk.dat.txt,6750,9.25
da06750_950.dk.dat.txt,6750,9.5
da07000_650.dk.dat.txt,7000,6.5
da07000_675.dk.dat.txt,7000,6.75
da07000_700.dk.dat.txt,7000,7.0
da07000_725.dk.dat.txt,7000,7.25
da07000_750.dk.dat.txt,7000,7.5
da07000_775.dk.dat.txt,7000,7.75
da07000_800.dk.dat.txt,7000,8.0
da07000_825.dk.dat.txt,7000,8.25
da07000_850.dk.dat.txt,7000,8.5
da07000_875.dk.dat.txt,7000,8.75
da07000_900.dk.dat.txt,7000,9.0
da07000_925.dk.dat.txt,7000,9.25
da07000_950.dk.dat.txt,7000,9.5
da07250_650.dk.dat.txt,7250,6.5
da07250_675.dk.dat.txt,7250,6.75
da07250_700.dk.dat.txt,7250,7.0
da07250_725.dk.dat.txt,7250,7.25
da07250_750.dk.dat.txt,7250,7.5
da07250_775.dk.dat.txt,7250,7.75
da07250_800.dk.dat.txt,7250,8.0
da07250_825.dk.dat.txt,7250,8.25
da07250_850.dk.dat.txt,7250,8.5
da07250_875.dk.dat.txt,7250,8.75
da07250_900.dk.dat.txt,7250,9.0
da07250_925.dk.dat.txt,7250,9.25
da07250_950.dk.dat.txt,7250,9.5
da07500_650.dk.dat.txt,7500,6.5
da07500_675.dk.dat.txt,7500,6.75
da07500_700.dk.dat.txt,7500,7.0
da07500_725.dk.dat.txt,7500,7.25
da07500_750.dk.dat.txt,7500,7.5
da07500_775.dk.dat.txt,7500,7.75
da07500_800.dk.dat.txt,7500,8.0
da07500_825.dk.dat.txt,7500,8.25
da07500_850.dk.dat.txt,7500,8.5
da07500_875.dk.dat.txt,7500,8.75
da07500_900.dk.dat.txt,7500,9.0
da07500_925.dk.dat.txt,7500,9.25
da07500_950.dk.dat.txt,7500,9.5
da07750_650.dk.dat.txt,7750,6.5
da07750_675.dk.dat.txt,7750,6.75
da07750_700.dk.dat.txt,7750,7.0
da07750_725.dk.dat.txt,7750,7.25
da07750_750.dk.dat.txt,7750,7.5
da07750_775.dk.dat.txt,7750,7.75
da07750_800.dk.dat.txt,7750,8.0
da07750_825.dk.dat.txt,7750,8.25
da07750_850.dk.dat.txt,7750,8.5
da07750_875.dk.dat.txt,7750,8.75
da07750_900.dk.dat.txt,7750,9.0
da07750_925.dk.dat.txt,7750,9.25
da07750_950.dk.dat.txt,7750,9.5
da08000_650.dk.dat.txt,8000,6.5
da08000_675.dk.dat.txt,8000,6.75
da08000_700.dk.dat.txt,8000,7.0
da08000_725.dk.dat.txt,8000,7.25
da08000_750.dk.dat.txt,8000,7.5
da08000_775.dk.dat.txt,8000,7.75
da08000_800.dk.dat.txt,8000,8.0
da08000_825.dk.dat.txt,8000,8.25
da08000_850.dk.dat.txt,8000,8.5
da08000_875.dk.dat.txt,8000,8.75
da08000_900.dk.dat.txt,8000,9.0
da08000_925.dk.dat.txt,8000,9.25
da08000_950.dk.dat.txt,8000,9.5
da08250_650.dk.dat.txt,8250,6.5
da08250_675.dk.dat.txt,8250,6.75
da08250_700.dk.dat.txt,8250,7.0
da08250_725.dk.dat.txt,8250,7.25
da08250_750.dk.dat.txt,8250,7.5
da08250_775.dk.dat.txt,8250,7.75
da08250_800.dk.dat.txt,8250,8.0
da08250_825.dk.dat.txt,8250,8.25
da08250_850.dk.dat.txt,8250,8.5
da08250_875.dk.dat.txt,8250,8.75
da08250_900.dk.dat.txt,8250,9.0
da08250_925.dk.dat.txt,8250,9.25
da08250_950.dk.dat.txt,8250,9.5
da08500_650.dk.dat.txt,8500,6.5
da08500_675.dk.dat.txt,8500,6.75
da08500_700.dk.dat.txt,8500,7.0
da08500_725.dk.dat.txt,8500,7.25
da08500_750.dk.dat.txt,8500,7.5
da08500_775.dk.dat.txt,8500,7.75
da08500_800.dk.dat.txt,8500,8.0
da08500_825.dk.dat.txt,8500,8.25
da08500_850.dk.dat.txt,8500,8.5
da08500_875.dk.dat.txt,8500,8.75
da08500_900.dk.dat.txt,8500,9.0
da08500_925.dk.dat.txt,8500,9.25
da08500_950.dk.dat.txt,8500,9.5
da08750_650.dk.dat.txt,8750,6.5
da08750_675.dk.dat.txt,8750,6.75
da08750_700.dk.dat.txt,8750,7.0
da08750_725.dk.dat.txt,8750,7.25
da08750_750.dk.dat.txt,8750,7.5
da08750_775.dk.dat.txt,8750,7.75
da08750_800.dk.dat.txt,8750,8.0
da08750_825.dk.dat.txt,8750,8.25
da08750_850.dk.dat.txt,8750,8.5
da08750_875.dk.dat.txt,8750,8.75
da08750_900.dk.dat.txt,8750,9.0
da08750_925.dk.dat.txt,8750,9.25
da08750_950.dk.dat.txt,8750,9.5
da09000_650.dk.dat.txt,9000,6.5
da09000_675.dk.dat.txt,9000,6.75
da09000_700.dk.dat.txt,9000,7.0
da09000_725.dk.dat.txt,9000,7.25
da09000_750.dk.dat.txt,9000,7.5
da09000_775.dk.dat.txt,9000,7.75
da09000_800.dk.dat.txt,9000,8.0
da09000_825.dk.dat.txt,9000,8.25
da09000_850.dk.dat.txt,9000,8.5
da09000_875.dk.dat.txt,9000,8.75
da09000_900.dk.dat.txt,9000,9.0
da09000_925.dk.dat.txt,9000,9.25
da09000_950.dk.dat.txt,9000,9.5
da09250_650.dk.dat.txt,9250,6.5
da09250_675.dk.dat.txt,9250,6.75
da09250_700.dk.dat.txt,9250,7.0
da09250_725.dk.dat.txt,9250,7.25
da09250_750.dk.dat.txt,9250,7.5
da09250_775.dk.dat.txt,9250,7.75
da09250_800.dk.dat.txt,9250,8.0
da09250_825.dk.dat.txt,9250,8.25
da09250_850.dk.dat.txt,9250,8.5
da09250_875.dk.dat.txt,9250,8.75
da09250_900.dk.dat.txt,9250,9.0
da09250_925.dk.dat.txt,9250,9.25
da09250_950.dk.dat.txt,9250,9.5
da09500_650.dk.dat.txt,9500,6.5
da09500_675.dk.dat.txt,9500,6.75
da09500_700.dk.dat.txt,9500,7.0
da09500_725.dk.dat.txt,9500,7.25
da09500_750.dk.dat.txt,9500,7.5
da09500_775.dk.dat.txt,9500,7.75
da09500_800.dk.dat.txt,9500,8.0
da09500_825.dk.dat.txt,9500,8.25
da09500_850.dk.dat.txt,9500,8.5
da09500_875.dk.dat.txt,9500,8.75
da09500_900.dk.dat.txt,9500,9.0
da09500_925.dk.dat.txt,9500,9.25
da09500_950.dk.dat.txt,9500,9.5
da09750_650.dk.dat.txt,9750,6.5
da09750_675.dk.dat.txt,9750,6.75
da09750_700.dk.dat.txt,9750,7.0
da09750_725.dk.dat.txt,9750,7.25
da09750_750.dk.dat.txt,9750,7.5
da09750_775.dk.dat.txt,9750,7.75
da09750_800.dk.dat.txt,9750,8.0
da09750_825.dk.dat.txt,9750,8.25
da09750_850.dk.dat.txt,9750,8.5
da09750_875.dk.dat.txt,9750,8.75
da09750_900.dk.dat.txt,9750,9.0
da09750_925.dk.dat.txt,9750,9.25
da09750_950.dk.dat.txt,9750,9.5
da10000_650.dk.dat.txt,10000,6.5
da10000_675.dk.dat.txt,10000,6.75
da10000_700.dk.dat.txt,10000,7.0
da10000_725.dk.dat.txt,10000,7.25
da10000_750.dk.dat.txt,10000,7.5
da10000_775.dk.dat.txt,10000,7.75
da10000_800.dk.dat.txt,10000,8.0
da10000_825.dk.dat.txt,10000,8.25
da10000_850.dk.dat.txt,10000,8.5
da10000_875.dk.dat.txt,10000,8.75
da10000_900.dk.dat.txt,10000,9.0
da10000_925.dk.dat.txt,10000,9.25
da10000_950.dk.dat.txt,10000,9.5
da10250_650.dk.dat.txt,10250,6.5
da10250_675.dk.dat.txt,10250,6.75
da10250_700.dk.dat.txt,10250,7.0
da10250_725.dk.dat.txt,10250,7.25
da10250_750.dk.dat.txt,10250,7.5
da10250_775.dk.dat.txt,10250,7.75
da10250_800.dk.dat.txt,10250,8.0
da10250_825.dk.dat.txt,10250,8.25
da10250_850.dk.dat.txt,10250,8.5
da10250_875.dk.dat.txt,10250,8.75
da10250_900.dk.dat.txt,10250,9.0
da10250_925.dk.dat.txt,10250,9.25
da10250_950.dk.dat.txt,10250,9.5
da10500_650.dk.dat.txt,10500,6.5
da10500_675.dk.dat.txt,10500,6.75
da10500_700.dk.dat.txt,10500,7.0
da10500_725.dk.dat.txt,10500,7.25
da10500_750.dk.dat.txt,10500,7.5
da10500_775.dk.dat.txt,10500,7.75
da10500_800.dk.dat.txt,10500,8.0
da10500_825.dk.dat.txt,10500,8.25
da10500_850.dk.dat.txt,10500,8.5
da10500_875.dk.dat.txt,10500,8.75
da10500_900.dk.dat.txt,10500,9.0
da10500_925.dk.dat.txt,10500,9.25
da10500_950.dk.dat.txt,10500,9.5
da10750_650.dk.dat.txt,10750,6.5
da10750_675.dk.dat.txt,10750,6.75
da10750_700.dk.dat.txt,10750,7.0
da10750_725.dk.dat.txt,10750,7.25
da10750_750.dk.dat.txt,10750,7.5
da10750_775.dk.dat.txt,10750,7.75
da10750_800.dk.dat.txt,10750,8.0
da10750_825.dk.dat.txt,10750,8.25
da10750_850.dk.dat.txt,10750,8.5
da10750_875.dk.dat.txt,10750,8.75
da10750_900.dk.dat.txt,10750,9.0
da10750_925.dk.dat.txt,10750,9.25
da10750_950.dk.dat.txt,10750,9.5
da11000_650.dk.dat.txt,11000,6.5
da11000_675.dk.dat.txt,11000,6.75
da11000_700.dk.dat.txt,11000,7.0
da11000_725.dk.dat.txt,11000,7.25
da11000_750.dk.dat.txt,11000,7.5
da11000_775.dk.dat.txt,11000,7.75
da11000_800.dk.dat.txt,11000,8.0
da11000_825.dk.dat.txt,11000,8.25
da11000_850.dk.dat.txt,11000,8.5
da11000_875.dk.dat.txt,11000,8.75
da11000_900.dk.dat.txt,11000,9.0
da11000_925.dk.dat.txt,11000,9.25
da11000_950.dk.dat.txt,11000,9.5
da11250_650.dk.dat.txt,11250,6.5
da11250_675.dk.dat.txt,11250,6.75
da11250_700.dk.dat.txt,11250,7.0
da11250_725.dk.dat.txt,11250,7.25
da11250_750.dk.dat.txt,11250,7.5
da11250_775.dk.dat.txt,11250,7.75
da11250_800.dk.dat.txt,11250,8.0
da11250_825.dk.dat.txt,11250,8.25
da11250_850.dk.dat.txt,11250,8.5
da11250_875.dk.dat.txt,11250,8.75
da11250_900.dk.dat.txt,11250,9.0
da11250_925.dk.dat.txt,11250,9.25
da11250_950.dk.dat.txt,11250,9.5
da11500_650.dk.dat.txt,11500,6.5
da11500_675.dk.dat.txt,11500,6.75
da11500_700.dk.dat.txt,11500,7.0
da11500_725.dk.dat.txt,11500,7.25
da11500_750.dk.dat.txt,11500,7.5
da11500_775.dk.dat.txt,11500,7.75
da11500_800.dk.dat.txt,11500,8.0
da11500_825.dk.dat.txt,11500,8.25
da11500_850.dk.dat.txt,11500,8.5
da11500_875.dk.dat.txt,11500,8.75
da11500_900.dk.dat.txt,11500,9.0
da11500_925.dk.dat.txt,11500,9.25
da11500_950.dk.dat.txt,11500,9.5
da11750_650.dk.dat.txt,11750,6.5
da11750_675.dk.dat.txt,11750,6.75
da11750_700.dk.dat.txt,11750,7.0
da11750_725.dk.dat.txt,11750,7.25
da11750_750.dk.dat.txt,11750,7.5
da11750_775.dk.dat.txt,11750,7.75
da11750_800.dk.dat.txt,11750,8.0
da11750_825.dk.dat.txt,11750,8.25
da11750_850.dk.dat.txt,11750,8.5
da11750_875.dk.dat.txt,11750,8.75
da11750_900.dk.dat.txt,11750,9.0
da11750_925.dk.dat.txt,11750,9.25
da11750_950.dk.dat.txt,11750,9.5
da12000_650.dk.dat.txt,12000,6.5
da12000_675.dk.dat.txt,12000,6.75
da12000_700.dk.dat.txt,12000,7.0
da12000_725.dk.dat.txt,12000,7.25
da12000_750.dk.dat.txt,12000,7.5
da12000_775.dk.dat.txt,12000,7.75
da12000_800.dk.dat.txt,12000,8.0
da12000_825.dk.dat.txt,12000,8.25
da12000_850.dk.dat.txt,12000,8.5
da12000_875.dk.dat.txt,12000,8.75
da12000_900.dk.dat.txt,12000,9.0
da12000_925.dk.dat.txt,12000,9.25
da12000_950.dk.dat.txt,12000,9.5
da12250_650.dk.dat.txt,12250,6.5
da12250_675.dk.dat.txt,12250,6.75
da12250_700.dk.dat.txt,12250,7.0
da12250_725.dk.dat.txt,12250,7.25
da12250_750.dk.dat.txt,12250,7.5
da12250_775.dk.dat.txt,12250,7.75
da12250_800.dk.dat.txt,12250,8.0
da12250_825.dk.dat.txt,12250,8.25
da12250_850.dk.dat.txt,12250,8.5
da12250_875.dk.dat.txt,12250,8.75
da12250_900.dk.dat.txt,12250,9.0
da12250_925.dk.dat.txt,12250,9.25
da12250_950.dk.dat.txt,12250,9.5
da12500_650.dk.dat.txt,12500,6.5
da12500_675.dk.dat.txt,12500,6.75
da12500_700.dk.dat.txt,12500,7.0
da12500_725.dk.dat.txt,12500,7.25
da12500_750.dk.dat.txt,12500,7.5
da12500_775.dk.dat.txt,12500,7.75
da12500_800.dk.dat.txt,12500,8.0
da12500_825.dk.dat.txt,12500,8.25
da12500_850.dk.dat.txt,12500,8.5
da12500_875.dk.dat.txt,12500,8.75
da12500_900.dk.dat.txt,12500,9.0
da12500_925.dk.dat.txt,12500,9.25
da12500_950.dk.dat.txt,12500,9.5
da12750_650.dk.dat.txt,12750,6.5
da12750_675.dk.dat.txt,12750,6.75
da12750_700.dk.dat.txt,12750,7.0
da12750_725.dk.dat.txt,12750,7.25
da12750_750.dk.dat.txt,12750,7.5
da12750_775.dk.dat.txt,12750,7.75
da12750_800.dk.dat.txt,12750,8.0
da12750_825.dk.dat.txt,12750,8.25
da12750_850.dk.dat.txt,12750,8.5
da12750_875.dk.dat.txt,12750,8.75
da12750_900.dk.dat.txt,12750,9.0
da12750_925.dk.dat.txt,12750,9.25
da12750_950.dk.dat.txt,12750,9.5
da13000_650.dk.dat.txt,13000,6.5
da13000_675.dk.dat.txt,13000,6.75
da13000_700.dk.dat.txt,13000,7.0
da13000_725.dk.dat.txt,13000,7.25
da13000_750.dk.dat.txt,13000,7.5
da13000_775.dk.dat.txt,13000,7.75
da13000_800.dk.dat.txt,13000,8.0
da13000_825.dk.dat.txt,13000,8.25
da13000_850.dk.dat.txt,13000,8.5
da13000_875.dk.dat.txt,13000,8.75
da13000_900.dk.dat.txt,13000,9.0
da13000_925.dk.dat.txt,13000,9.25
da13000_950.dk.dat.txt,13000,9.5
da13250_650.dk.dat.txt,13250,6.5
da13250_675.dk.dat.txt,13250,6.75
da13250_700.dk.dat.txt,13250,7.0
da13250_725.dk.dat.txt,13250,7.25
da13250_750.dk.dat.txt,13250,7.5
da13250_775.dk.dat.txt,13250,7.75
da13250_800.dk.dat.txt,13250,8.0
da13250_825.dk.dat.txt,13250,8.25
da13250_850.dk.dat.txt,13250,8.5
da13250_875.dk.dat.txt,13250,8.75
da13250_900.dk.dat.txt,13250,9.0
da13250_925.dk.dat.txt,13250,9.25
da13250_950.dk.dat.txt,13250,9.5
da13500_650.dk.dat.txt,13500,6.5
da13500_675.dk.dat.txt,13500,6.75
da13500_700.dk.dat.txt,13500,7.0
da13500_725.dk.dat.txt,13500,7.25
da13500_750.dk.dat.txt,13500,7.5
da13500_775.dk.dat.txt,13500,7.75
da13500_800.dk.dat.txt,13500,8.0
da13500_825.dk.dat.txt,13500,8.25
da13500_850.dk.dat.txt,13500,8.5
da13500_875.dk.dat.txt,13500,8.75
da13500_900.dk.dat.txt,13500,9.0
da13500_925.dk.dat.txt,13500,9.25
da13500_950.dk.dat.txt,13500,9.5
da13750_650.dk.dat.txt,13750,6.5
da13750_675.dk.dat.txt,13750,6.75
da13750_700.dk.dat.txt,13750,7.0
da13750_725.dk.dat.txt,13750,7.25
da13750_750.dk.dat.txt,13750,7.5
da13750_775.dk.dat.txt,13750,7.75
da13750_800.dk.dat.txt,13750,8.0
da13750_825.dk.dat.txt,13750,8.25
da13750_850.dk.dat.txt,13750,8.5
da13750_875.dk.dat.txt,13750,8.75
da13750_900.dk.dat.txt,13750,9.0
da13750_925.dk.dat.txt,13750,9.25
da13750_950.dk.dat.txt,13750,9.5
da14000_650.dk.dat.txt,14000,6.5
da14000_675.dk.dat.txt,14000,6.75
da14000_700.dk.dat.txt,14000,7.0
da14000_725.dk.dat.txt,14000,7.25
da14000_750.dk.dat.txt,14000,7.5
da14000_775.dk.dat.txt,14000,7.75
da14000_800.dk.dat.txt,14000,8.0
da14000_825.dk.dat.txt,14000,8.25
da14000_850.dk.dat.txt,14000,8.5
da14000_875.dk.dat.txt,14000,8.75
da14000_900.dk.dat.txt,14000,9.0
da14000_925.dk.dat.txt,14000,9.25
da14000_950.dk.dat.txt,14000,9.5
da14250_650.dk.dat.txt,14250,6.5
da14250_675.dk.dat.txt,14250,6.75
da14250_700.dk.dat.txt,14250,7.0
da14250_725.dk.dat.txt,14250,7.25
da14250_750.dk.dat.txt,14250,7.5
da14250_775.dk.dat.txt,14250,7.75
da14250_800.dk.dat.txt,14250,8.0
da14250_825.dk.dat.txt,14250,8.25
da14250_850.dk.dat.txt,14250,8.5
da14250_875.dk.dat.txt,14250,8.75
da14250_900.dk.dat.txt,14250,9.0
da14250_925.dk.dat.txt,14250,9.25
da14250_950.dk.dat.txt,14250,9.5
da14500_650.dk.dat.txt,14500,6.5
da14500_675.dk.dat.txt,14500,6.75
da14500_700.dk.dat.txt,14500,7.0
da14500_725.dk.dat.txt,14500,7.25
da14500_750.dk.dat.txt,14500,7.5
da14500_775.dk.dat.txt,14500,7.75
da14500_800.dk.dat.txt,14500,8.0
da14500_825.dk.dat.txt,14500,8.25
da14500_850.dk.dat.txt,14500,8.5
da14500_875.dk.dat.txt,14500,8.75
da14500_900.dk.dat.txt,14500,9.0
da14500_925.dk.dat.txt,14500,9.25
da14500_950.dk.dat.txt,14500,9.5
da14750_650.dk.dat.txt,14750,6.5
da14750_675.dk.dat.txt,14750,6.75
da14750_700.dk.dat.txt,14750,7.0
da14750_725.dk.dat.txt,14750,7.25
da14750_750.dk.dat.txt,14750,7.5
da14750_775.dk.dat.txt,14750,7.75
da14750_800.dk.dat.txt,14750,8.0
da14750_825.dk.dat.txt,14750,8.25
da14750_850.dk.dat.txt,14750,8.5
da14750_875.dk.dat.txt,14750,8.75
da14750_900.dk.dat.txt,14750,9.0
da14750_925.dk.dat.txt,14750,9.25
da14750_950.dk.dat.txt,14750,9.5
da15000_650.dk.dat.txt,15000,6.5
da15000_675.dk.dat.txt,15000,6.75
da15000_700.dk.dat.txt,15000,7.0
da15000_725.dk.dat.txt,15000,7.25
da15000_750.dk.dat.txt,15000,7.5
da15000_775.dk.dat.txt,15000,7.75
da15000_800.dk.dat.txt,15000,8.0
da15000_825.dk.dat.txt,15000,8.25
da15000_850.dk.dat.txt,15000,8.5
da15000_875.dk.dat.txt,15000,8.75
da15000_900.dk.dat.txt,15000,9.0
da15000_925.dk.dat.txt,15000,9.25
da15000_950.dk.dat.txt,15000,9.5
da15250_650.dk.dat.txt,15250,6.5
da15250_675.dk.dat.txt,15250,6.75
da15250_700.dk.dat.txt,15250,7.0
da15250_725.dk.dat.txt,15250,7.25
da15250_750.dk.dat.txt,15250,7.5
da15250_775.dk.dat.txt,15250,7.75
da15250_800.dk.dat.txt,15250,8.0
da15250_825.dk.dat.txt,15250,8.25
da15250_850.dk.dat.txt,15250,8.5
da15250_875.dk.dat.txt,15250,8.75
da15250_900.dk.dat.txt,15250,9.0
da15250_925.dk.dat.txt,15250,9.25
da15250_950.dk.dat.txt,15250,9.5
da15500_650.dk.dat.txt,15500,6.5
da15500_675.dk.dat.txt,15500,6.75
da15500_700.dk.dat.txt,15500,7.0
da15500_725.dk.dat.txt,15500,7.25
da15500_750.dk.dat.txt,15500,7.5
da15500_775.dk.dat.txt,15500,7.75
da15500_800.dk.dat.txt,15500,8.0
da15500_825.dk.dat.txt,15500,8.25
da15500_850.dk.dat.txt,15500,8.5
da15500_875.dk.dat.txt,15500,8.75
da15500_900.dk.dat.txt,15500,9.0
da15500_925.dk.dat.txt,15500,9.25
da15500_950.dk.dat.txt,15500,9.5
da15750_650.dk.dat.txt,15750,6.5
da15750_675.dk.dat.txt,15750,6.75
da15750_700.dk.dat.txt,15750,7.0
da15750_725.dk.dat.txt,15750,7.25
da15750_750.dk.dat.txt,15750,7.5
da15750_775.dk.dat.txt,15750,7.75
da15750_800.dk.dat.txt,15750,8.0
da15750_825.dk.dat.txt,15750,8.25
da15750_850.dk.dat.txt,15750,8.5
da15750_875.dk.dat.txt,15750,8.75
da15750_900.dk.dat.txt,15750,9.0
da15750_925.dk.dat.txt,15750,9.25
da15750_950.dk.dat.txt,15750,9.5
da16000_650.dk.dat.txt,16000,6.5
da16000_675.dk.dat.txt,16000,6.75
da16000_700.dk.dat.txt,16000,7.0
da16000_725.dk.dat.txt,16000,7.25
da16000_750.dk.dat.txt,16000,7.5
da16000_775.dk.dat.txt,16000,7.75
da16000_800.dk.dat.txt,16000,8.0
da16000_825.dk.dat.txt,16000,8.25
da16000_850.dk.dat.txt,16000,8.5
da16000_875.dk.dat.txt,16000,8.75
da16000_900.dk.dat.txt,16000,9.0
da16000_925.dk.dat.txt,16000,9.25
da16000_950.dk.dat.txt,16000,9.5
da16250_650.dk.dat.txt,16250,6.5
da16250_675.dk.dat.txt,16250,6.75
da16250_700.dk.dat.txt,16250,7.0
da16250_725.dk.dat.txt,16250,7.25
da16250_750.dk.dat.txt,16250,7.5
da16250_775.dk.dat.txt,16250,7.75
da16250_800.dk.dat.txt,16250,8.0
da16250_825.dk.dat.txt,16250,8.25
da16250_850.dk.dat.txt,16250,8.5
da16250_875.dk.dat.txt,16250,8.75
da16250_900.dk.dat.txt,16250,9.0
da16250_925.dk.dat.txt,16250,9.25
da16250_950.dk.dat.txt,16250,9.5
da16500_650.dk.dat.txt,16500,6.5
da16500_675.dk.dat.txt,16500,6.75
da16500_700.dk.dat.txt,16500,7.0
da16500_725.dk.dat.txt,16500,7.25
da16500_750.dk.dat.txt,16500,7.5
da16500_775.dk.dat.txt,16500,7.75
da16500_800.dk.dat.txt,16500,8.0
da16500_825.dk.dat.txt,16500,8.25
da16500_850.dk.dat.txt,16500,8.5
da16500_875.dk.dat.txt,16500,8.75
da16500_900.dk.dat.txt,16500,9.0
da16500_925.dk.dat.txt,16500,9.25
da16500_950.dk.dat.txt,16500,9.5
da16750_650.dk.dat.txt,16750,6.5
da16750_675.dk.dat.txt,16750,6.75
da16750_700.dk.dat.txt,16750,7.0
da16750_725.dk.dat.txt,16750,7.25
da16750_750.dk.dat.txt,16750,7.5
da16750_775.dk.dat.txt,16750,7.75
da16750_800.dk.dat.txt,16750,8.0
da16750_825.dk.dat.txt,16750,8.25
da16750_850.dk.dat.txt,16750,8.5
da16750_875.dk.dat.txt,16750,8.75
da16750_900.dk.dat.txt,16750,9.0
da16750_925.dk.dat.txt,16750,9.25
da16750_950.dk.dat.txt,16750,9.5
da17000_650.dk.dat.txt,17000,6.5
da17000_675.dk.dat.txt,17000,6.75
da17000_700.dk.dat.txt,17000,7.0
da17000_725.dk.dat.txt,17000,7.25
da17000_750.dk.dat.txt,17000,7.5
da17000_775.dk.dat.txt,17000,7.75
da17000_800.dk.dat.txt,17000,8.0
da17000_825.dk.dat.txt,17000,8.25
da17000_850.dk.dat.txt,17000,8.5
da17000_875.dk.dat.txt,17000,8.75
da17000_900.dk.dat.txt,17000,9.0
da17000_925.dk.dat.txt,17000,9.25
da17000_950.dk.dat.txt,17000,9.5
da17250_650.dk.dat.txt,17250,6.5
da17250_675.dk.dat.txt,17250,6.75
da17250_700.dk.dat.txt,17250,7.0
da17250_725.dk.dat.txt,17250,7.25
da17250_750.dk.dat.txt,17250,7.5
da17250_775.dk.dat.txt,17250,7.75
da17250_800.dk.dat.txt,17250,8.0
da17250_825.dk.dat.txt,17250,8.25
da17250_850.dk.dat.txt,17250,8.5
da17250_875.dk.dat.txt,17250,8.75
da17250_900.dk.dat.txt,17250,9.0
da17250_925.dk.dat.txt,17250,9.25
da17250_950.dk.dat.txt,17250,9.5
da17500_650.dk.dat.txt,17500,6.5
da17500_675.dk.dat.txt,17500,6.75
da17500_700.dk.dat.txt,17500,7.0
da17500_725.dk.dat.txt,17500,7.25
da17500_750.dk.dat.txt,17500,7.5
da17500_775.dk.dat.txt,17500,7.75
da17500_800.dk.dat.txt,17500,8.0
da17500_825.dk.dat.txt,17500,8.25
da17500_850.dk.dat.txt,17500,8.5
da17500_875.dk.dat.txt,17500,8.75
da17500_900.dk.dat.txt,17500,9.0
da17500_925.dk.dat.txt,17500,9.25
da17500_950.dk.dat.txt,17500,9.5
da17750_650.dk.dat.txt,17750,6.5
da17750_675.dk.dat.txt,17750,6.75
da17750_700.dk.dat.txt,17750,7.0
da17750_725.dk.dat.txt,17750,7.25
da17750_750.dk.dat.txt,17750,7.5
da17750_775.dk.dat.txt,17750,7.75
da17750_800.dk.dat.txt,17750,8.0
da17750_825.dk.dat.txt,17750,8.25
da17750_850.dk.dat.txt,17750,8.5
da17750_875.dk.dat.txt,17750,8.75
da17750_900.dk.dat.txt,17750,9.0
da17750_925.dk.dat.txt,17750,9.25
da17750_950.dk.dat.txt,17750,9.5
da18000_650.dk.dat.txt,18000,6.5
da18000_675.dk.dat.txt,18000,6.75
da18000_700.dk.dat.txt,18000,7.0
da18000_725.dk.dat.txt,18000,7.25
da18000_750.dk.dat.txt,18000,7.5
da18000_775.dk.dat.txt,18000,7.75
da18000_800.dk.dat.txt,18000,8.0
da18000_825.dk.dat.txt,18000,8.25
da18000_850.dk.dat.txt,18000,8.5
da18000_875.dk.dat.txt,18000,8.75
da18000_900.dk.dat.txt,18000,9.0
da18000_925.dk.dat.txt,18000,9.25
da18000_950.dk.dat.txt,18000,9.5
da18250_650.dk.dat.txt,18250,6.5
da18250_675.dk.dat.txt,18250,6.75
da18250_700.dk.dat.txt,18250,7.0
da18250_725.dk.dat.txt,18250,7.25
da18250_750.dk.dat.txt,18250,7.5
da18250_775.dk.dat.txt,18250,7.75
da18250_800.dk.dat.txt,18250,8.0
da18250_825.dk.dat.txt,18250,8.25
da18250_850.dk.dat.txt,18250,8.5
da18250_875.dk.dat.txt,18250,8.75
da18250_900.dk.dat.txt,18250,9.0
da18250_925.dk.dat.txt,18250,9.25
da18250_950.dk.dat.txt,18250,9.5
da18500_650.dk.dat.txt,18500,6.5
da18500_675.dk.dat.txt,18500,6.75
da18500_700.dk.dat.txt,18500,7.0
da18500_725.dk.dat.txt,18500,7.25
da18500_750.dk.dat.txt,18500,7.5
da18500_775.dk.dat.txt,18500,7.75
da18500_800.dk.dat.txt,18500,8.0
da18500_825.dk.dat.txt,18500,8.25
da18500_850.dk.dat.txt,18500,8.5
da18500_875.dk.dat.txt,18500,8.75
da18500_900.dk.dat.txt,18500,9.0
da18500_925.dk.dat.txt,18500,9.25
da18500_950.dk.dat.txt,18500,9.5
da18750_650.dk.dat.txt,18750,6.5
da18750_675.dk.dat.txt,18750,6.75
da18750_700.dk.dat.txt,18750,7.0
da18750_725.dk.dat.txt,18750,7.25
da18750_750.dk.dat.txt,18750,7.5
da18750_775.dk.dat.txt,18750,7.75
da18750_800.dk.dat.txt,18750,8.0
da18750_825.dk.dat.txt,18750,8.25
da18750_850.dk.dat.txt,18750,8.5
da18750_875.dk.dat.txt,18750,8.75
da18750_900.dk.dat.txt,18750,9.0
da18750_925.dk.dat.txt,18750,9.25
da18750_950.dk.dat.txt,18750,9.5
da19000_650.dk.dat.txt,19000,6.5
da19000_675.dk.dat.txt,19000,6.75
da19000_700.dk.dat.txt,19000,7.0
da19000_725.dk.dat.txt,19000,7.25
da19000_750.dk.dat.txt,19000,7.5
da19000_775.dk.dat.txt,19000,7.75
da19000_800.dk.dat.txt,19000,8.0
da19000_825.dk.dat.txt,19000,8.25
da19000_850.dk.dat.txt,19000,8.5
da19000_875.dk.dat.txt,19000,8.75
da19000_900.dk.dat.txt,19000,9.0
da19000_925.dk.dat.txt,19000,9.25
da19000_950.dk.dat.txt,19000,9.5
da19250_650.dk.dat.txt,19250,6.5
da19250_675.dk.dat.txt,19250,6.75
da19250_700.dk.dat.txt,19250,7.0
da19250_725.dk.dat.txt,19250,7.25
da19250_750.dk.dat.txt,19250,7.5
da19250_775.dk.dat.txt,19250,7.75
da19250_800.dk.dat.txt,19250,8.0
da19250_825.dk.dat.txt,19250,8.25
da19250_850.dk.dat.txt,19250,8.5
da19250_875.dk.dat.txt,19250,8.75
da19250_900.dk.dat.txt,19250,9.0
da19250_925.dk.dat.txt,19250,9.25
da19250_950.dk.dat.txt,19250,9.5
da19500_650.dk.dat.txt,19500,6.5
da19500_675.dk.dat.txt,19500,6.75
da19500_700.dk.dat.txt,19500,7.0
da19500_725.dk.dat.txt,19500,7.25
da19500_750.dk.dat.txt,19500,7.5
da19500_775.dk.dat.txt,19500,7.75
da19500_800.dk.dat.txt,19500,8.0
da19500_825.dk.dat.txt,19500,8.25
da19500_850.dk.dat.txt,19500,8.5
da19500_875.dk.dat.txt,19500,8.75
da19500_900.dk.dat.txt,19500,9.0
da19500_925.dk.dat.txt,19500,9.25
da19500_950.dk.dat.txt,19500,9.5
da19750_650.dk.dat.txt,19750,6.5
da19750_675.dk.dat.txt,19750,6.75
da19750_700.dk.dat.txt,19750,7.0
da19750_725.dk.dat.txt,19750,7.25
da19750_750.dk.dat.txt,19750,7.5
da19750_775.dk.dat.txt,19750,7.75
da19750_800.dk.dat.txt,19750,8.0
da19750_825.dk.dat.txt,19750,8.25
da19750_850.dk.dat.txt,19750,8.5
da19750_875.dk.dat.txt,19750,8.75
da19750_900.dk.dat.txt,19750,9.0
da19750_925.dk.dat.txt,19750,9.25
da19750_950.dk.dat.txt,19750,9.5
da20000_650.dk.dat.txt,20000,6.5
da20000_675.dk.dat.txt,20000,6.75
da20000_700.dk.dat.txt,20000,7.0
da20000_725.dk.dat.txt,20000,7.25
da20000_750.dk.dat.txt,20000,7.5
da20000_775.dk.dat.txt,20000,7.75
da20000_800.dk.dat.txt,20000,8.0
da20000_825.dk.dat.txt,20000,8.25
da20000_850.dk.dat.txt,20000,8.5
da20000_875.dk.dat.txt,20000,8.75
da20000_900.dk.dat.txt,20000,9.0
da20000_925.dk.dat.txt,20000,9.25
da20000_950.dk.dat.txt,20000,9.5
da21000_650.dk.dat.txt,21000,6.5
da21000_675.dk.dat.txt,21000,6.75
da21000_700.dk.dat.txt,21000,7.0
da21000_725.dk.dat.txt,21000,7.25
da21000_750.dk.dat.txt,21000,7.5
da21000_775.dk.dat.txt,21000,7.75
da21000_800.dk.dat.txt,21000,8.0
da21000_825.dk.dat.txt,21000,8.25
da21000_850.dk.dat.txt,21000,8.5
da21000_875.dk.dat.txt,21000,8.75
da21000_900.dk.dat.txt,21000,9.0
da21000_925.dk.dat.txt,21000,9.25
da21000_950.dk.dat.txt,21000,9.5
da22000_650.dk.dat.txt,22000,6.5
da22000_675.dk.dat.txt,22000,6.75
da22000_700.dk.dat.txt,22000,7.0
da22000_725.dk.dat.txt,22000,7.25
da22000_750.dk.dat.txt,22000,7.5
da22000_775.dk.dat.txt,22000,7.75
da22000_800.dk.dat.txt,22000,8.0
da22000_825.dk.dat.txt,22000,8.25
da22000_850.dk.dat.txt,22000,8.5
da22000_875.dk.dat.txt,22000,8.75
da22000_900.dk.dat.txt,22000,9.0
da22000_925.dk.dat.txt,22000,9.25
da22000_950.dk.dat.txt,22000,9.5
da23000_650.dk.dat.txt,23000,6.5
da23000_675.dk.dat.txt,23000,6.75
da23000_700.dk.dat.txt,23000,7.0
da23000_725.dk.dat.txt,23000,7.25
da23000_750.dk.dat.txt,23000,7.5
da23000_775.dk.dat.txt,23000,7.75
da23000_800.dk.dat.txt,23000,8.0
da23000_825.dk.dat.txt,23000,8.25
da23000_850.dk.dat.txt,23000,8.5
da23000_875.dk.dat.txt,23000,8.75
da23000_900.dk.dat.txt,23000,9.0
da23000_925.dk.dat.txt,23000,9.25
da23000_950.dk.dat.txt,23000,9.5
da24000_650.dk.dat.txt,24000,6.5
da24000_675.dk.dat.txt,24000,6.75
da24000_700.dk.dat.txt,24000,7.0
da24000_725.dk.dat.txt,24000,7.25
da24000_750.dk.dat.txt,24000,7.5
da24000_775.dk.dat.txt,24000,7.75
da24000_800.dk.dat.txt,24000,8.0
da24000_825.dk.dat.txt,24000,8.25
da24000_850.dk.dat.txt,24000,8.5
da24000_875.dk.dat.txt,24000,8.75
da24000_900.dk.dat.txt,24000,9.0
da24000_925.dk.dat.txt,24000,9.25
da24000_950.dk.dat.txt,24000,9.5
da25000_650.dk.dat.txt,25000,6.5
da25000_675.dk.dat.txt,25000,6.75
da25000_700.dk.dat.txt,25000,7.0
da25000_725.dk.dat.txt,25000,7.25
da25000_750.dk.dat.txt,25000,7.5
da25000_775.dk.dat.txt,25000,7.75
da25000_800.dk.dat.txt,25000,8.0
da25000_825.dk.dat.txt,25000,8.25
da25000_850.dk.dat.txt,25000,8.5
da25000_875.dk.dat.txt,25000,8.75
da25000_900.dk.dat.txt,25000,9.0
da25000_925.dk.dat.txt,25000,9.25
da25000_950.dk.dat.txt,25000,9.5
da26000_650.dk.dat.txt,26000,6.5
da26000_675.dk.dat.txt,26000,6.75
da26000_700.dk.dat.txt,26000,7.0
da26000_725.dk.dat.txt,26000,7.25
da26000_750.dk.dat.txt,26000,7.5
da26000_775.dk.dat.txt,26000,7.75
da26000_800.dk.dat.txt,26000,8.0
da26000_825.dk.dat.txt,26000,8.25
da26000_850.dk.dat.txt,26000,8.5
da26000_875.dk.dat.txt,26000,8.75
da26000_900.dk.dat.txt,26000,9.0
da26000_925.dk.dat.txt,26000,9.25
da26000_950.dk.dat.txt,26000,9.5
da27000_650.dk.dat.txt,27000,6.5
da27000_675.dk.dat.txt,27000,6.75
da27000_700.dk.dat.txt,27000,7.0
da27000_725.dk.dat.txt,27000,7.25
da27000_750.dk.dat.txt,27000,7.5
da27000_775.dk.dat.txt,27000,7.75
da27000_800.dk.dat.txt,27000,8.0
da27000_825.dk.dat.txt,27000,8.25
da27000_850.dk.dat.txt,27000,8.5
da27000_875.dk.dat.txt,27000,8.75
da27000_900.dk.dat.txt,27000,9.0
da27000_925.dk.dat.txt,27000,9.25
da27000_950.dk.dat.txt,27000,9.5
da28000_650.dk.dat.txt,28000,6.5
da28000_675.dk.dat.txt,28000,6.75
da28000_700.dk.dat.txt,28000,7.0
da28000_725.dk.dat.txt,28000,7.25
da28000_750.dk.dat.txt,28000,7.5
da28000_775.dk.dat.txt,28000,7.75
da28000_800.dk.dat.txt,28000,8.0
da28000_825.dk.dat.txt,28000,8.25
da28000_850.dk.dat.txt,28000,8.5
da28000_875.dk.dat.txt,28000,8.75
da28000_900.dk.dat.txt,28000,9.0
da28000_925.dk.dat.txt,28000,9.25
da28000_950.dk.dat.txt,28000,9.5
da29000_650.dk.dat.txt,29000,6.5
da29000_675.dk.dat.txt,29000,6.75
da29000_700.dk.dat.txt,29000,7.0
da29000_725.dk.dat.txt,29000,7.25
da29000_750.dk.dat.txt,29000,7.5
da29000_775.dk.dat.txt,29000,7.75
da29000_800.dk.dat.txt,29000,8.0
da29000_825.dk.dat.txt,29000,8.25
da29000_850.dk.dat.txt,29000,8.5
da29000_875.dk.dat.txt,29000,8.75
da29000_900.dk.dat.txt,29000,9.0
da29000_925.dk.dat.txt,29000,9.25
da29000_950.dk.dat.txt,29000,9.5
da30000_650.dk.dat.txt,30000,6.5
da30000_675.dk.dat.txt,30000,6.75
da30000_700.dk.dat.txt,30000,7.0
da30000_725.dk.dat.txt,30000,7.25
da30000_750.dk.dat.txt,30000,7.5
da30000_775.dk.dat.txt,30000,7.75
da30000_800.dk.dat.txt,30000,8.0
da30000_825.dk.dat.txt,30000,8.25
da30000_850.dk.dat.txt,30000,8.5
da30000_875.dk.dat.txt,30000,8.75
da30000_900.dk.dat.txt,30000,9.0
da30000_925.dk.dat.txt,30000,9.25
da30000_950.dk.dat.txt,30000,9.5
da32000_650.dk.dat.txt,32000,6.5
da32000_675.dk.dat.txt,32000,6.75
da32000_700.dk.dat.txt,32000,7.0
da32000_725.dk.dat.txt,32000,7.25
da32000_750.dk.dat.txt,32000,7.5
da32000_775.dk.dat.txt,32000,7.75
da32000_800.dk.dat.txt,32000,8.0
da32000_825.dk.dat.txt,32000,8.25
da32000_850.dk.dat.txt,32000,8.5
da32000_875.dk.dat.txt,32000,8.75
da32000_900.dk.dat.txt,32000,9.0
da32000_925.dk.dat.txt,32000,9.25
da32000_950.dk.dat.txt,32000,9.5
da34000_650.dk.dat.txt,34000,6.5
da34000_675.dk.dat.txt,34000,6.75
da34000_700.dk.dat.txt,34000,7.0
da34000_725.dk.dat.txt,34000,7.25
da34000_750.dk.dat.txt,34000,7.5
da34000_775.dk.dat.txt,34000,7.75
da34000_800.dk.dat.txt,34000,8.0
da34000_825.dk.dat.txt,34000,8.25
da34000_850.dk.dat.txt,34000,8.5
da34000_875.dk.dat.txt,34000,8.75
da34000_900.dk.dat.txt,34000,9.0
da34000_925.dk.dat.txt,34000,9.25
da34000_950.dk.dat.txt,34000,9.5
da35000_650.dk.dat.txt,35000,6.5
da35000_675.dk.dat.txt,35000,6.75
da35000_700.dk.dat.txt,35000,7.0
da35000_725.dk.dat.txt,35000,7.25
da35000_750.dk.dat.txt,35000,7.5
da35000_775.dk.dat.txt,35000,7.75
da35000_800.dk.dat.txt,35000,8.0
da35000_825.dk.dat.txt,35000,8.25
da35000_850.dk.dat.txt,35000,8.5
da35000_875.dk.dat.txt,35000,8.75
da35000_900.dk.dat.txt,35000,9.0
da35000_925.dk.dat.txt,35000,9.25
da35000_950.dk.dat.txt,35000,9.5
da36000_650.dk.dat.txt,36000,6.5
da36000_675.dk.dat.txt,36000,6.75
da36000_700.dk.dat.txt,36000,7.0
da36000_725.dk.dat.txt,36000,7.25
da36000_750.dk.dat.txt,36000,7.5
da36000_775.dk.dat.txt,36000,7.75
da36000_800.dk.dat.txt,36000,8.0
da36000_825.dk.dat.txt,36000,8.25
da36000_850.dk.dat.txt,36000,8.5
da36000_875.dk.dat.txt,36000,8.75
da36000_900.dk.dat.txt,36000,9.0
da36000_925.dk.dat.txt,36000,9.25
da36000_950.dk.dat.txt,36000,9.5
da38000_650.dk.dat.txt,38000,6.5
da38000_675.dk.dat.txt,38000,6.75
da38000_700.dk.dat.txt,38000,7.0
da38000_725.dk.dat.txt,38000,7.25
da38000_750.dk.dat.txt,38000,7.5
da38000_775.dk.dat.txt,38000,7.75
da38000_800.dk.dat.txt,38000,8.0
da38000_825.dk.dat.txt,38000,8.25
da38000_850.dk.dat.txt,38000,8.5
da38000_875.dk.dat.txt,38000,8.75
da38000_900.dk.dat.txt,38000,9.0
da38000_925.dk.dat.txt,38000,9.25
da38000_950.dk.dat.txt,38000,9.5
da40000_650.dk.dat.txt,40000,6.5
da40000_675.dk.dat.txt,40000,6.75
da40000_700.dk.dat.txt,40000,7.0
da40000_725.dk.dat.txt,40000,7.25
da40000_750.dk.dat.txt,40000,7.5
da40000_775.dk.dat.txt,40000,7.75
da40000_800.dk.dat.txt,40000,8.0
da40000_825.dk.dat.txt,40000,8.25
da40000_850.dk.dat.txt,40000,8.5
da40000_875.dk.dat.txt,40000,8.75
da40000_900.dk.dat.txt,40000,9.0
da40000_925.dk.dat.txt,40000,9.25
da40000_950.dk.dat.txt,40000,9.5
da45000_650.dk.dat.txt,45000,6.5
da45000_675.dk.dat.txt,45000,6.75
da45000_700.dk.dat.txt,45000,7.0
da45000_725.dk.dat.txt,45000,7.25
da45000_750.dk.dat.txt,45000,7.5
da45000_775.dk.dat.txt,45000,7.75
da45000_800.dk.dat.txt,45000,8.0
da45000_825.dk.dat.txt,45000,8.25
da45000_850.dk.dat.txt,45000,8.5
da45000_875.dk.dat.txt,45000,8.75
da45000_900.dk.dat.txt,45000,9.0
da45000_925.dk.dat.txt,45000,9.25
da45000_950.dk.dat.txt,45000,9.5
da50000_650.dk.dat.txt,50000,6.5
da50000_675.dk.dat.txt,50000,6.75
da50000_700.dk.dat.txt,50000,7.0
da50000_725.dk.dat.txt,50000,7.25
da50000_750.dk.dat.txt,50000,7.5
da50000_775.dk.dat.txt,50000,7.75
da50000_800.dk.dat.txt,50000,8.0
da50000_825.dk.dat.txt,50000,8.25
da50000_850.dk.dat.txt,50000,8.5
da50000_875.dk.dat.txt,50000,8.75
da50000_900.dk.dat.txt,50000,9.0
da50000_925.dk.dat.txt,50000,9.25
da50000_950.dk.dat.txt,50000,9.5
da60000_650.dk.dat.txt,60000,6.5
da60000_675.dk.dat.txt,60000,6.75
da60000_700.dk.dat.txt,60000,7.0
da60000_725.dk.dat.txt,60000,7.25
da60000_750.dk.dat.txt,60000,7.5
da60000_775.dk.dat.txt,60000,7.75
da60000_800.dk.dat.txt,60000,8.0
da60000_825.dk.dat.txt,60000,8.25
da60000_850.dk.dat.txt,60000,8.5
da60000_875.dk.dat.txt,60000,8.75
da60000_900.dk.dat.txt,60000,9.0
da60000_925.dk.dat.txt,60000,9.25
da60000_950.dk.dat.txt,60000,9.5
da70000_650.dk.dat.txt,70000,6.5
da70000_675.dk.dat.txt,70000,6.75
da70000_700.dk.dat.txt,70000,7.0
da70000_725.dk.dat.txt,70000,7.25
da70000_750.dk.dat.txt,70000,7.5
da70000_775.dk.dat.txt,70000,7.75
da70000_800.dk.dat.txt,70000,8.0
da70000_825.dk.dat.txt,70000,8.25
da70000_850.dk.dat.txt,70000,8.5
da70000_875.dk.dat.txt,70000,8.75
da70000_900.dk.dat.txt,70000,9.0
da70000_925.dk.dat.txt,70000,9.25
da70000_950.dk.dat.txt,70000,9.5
da80000_650.dk.dat.txt,80000,6.5
da80000_675.dk.dat.txt,80000,6.75
da80000_700.dk.dat.txt,80000,7.0
da80000_725.dk.dat.txt,80000,7.25
da80000_750.dk.dat.txt,80000,7.5
da80000_775.dk.dat.txt,80000,7.75
da80000_800.dk.dat.txt,80000,8.0
da80000_825.dk.dat.txt,80000,8.25
da80000_850.dk.dat.txt,80000,8.5
da80000_875.dk.dat.txt,80000,8.75
da80000_900.dk.dat.txt,80000,9.0
da80000_925.dk.dat.txt,80000,9.25
da80000_950.dk.dat.txt,80000,9.5
