MH,logAge,Mini,Mass,logL,logTe,logg,label,mbolmag,Gmag,G_BPmag,G_RPmag,logR
0.0,7.0,0.0900000036,0.09,-2.066,3.3991,4.006,0,9.934,11.949,14.51,10.498,-0.306844931628771
0.0,7.0,0.1000000015,0.1,-2.003,3.4058,4.016,0,9.777,11.793,14.357,10.342,-0.28896618634843324
0.0,7.0,0.1085185707,0.108,-1.953,3.411,4.022,0,9.652,11.668,14.234,10.216,-0.27525430860495853
0.0,7.0,0.1247205883,0.125,-1.867,3.42,4.033,0,9.437,11.418,13.946,9.974,-0.2490111798444053
0.0,7.0,0.1381183267,0.138,-1.802,3.4267,4.039,0,9.276,11.162,13.582,9.739,-0.23052664314781487
0.0,7.0,0.1437702477,0.144,-1.778,3.4296,4.043,0,9.214,11.059,13.433,9.646,-0.2232849403008085
0.0,7.0,0.1476775855,0.148,-1.76,3.4316,4.046,0,9.171,10.988,13.333,9.581,-0.21883532865095467
0.0,7.0,0.1499548107,0.15,-1.749,3.4328,4.046,0,9.143,10.945,13.274,9.542,-0.21592055682059286
0.0,7.0,0.1693065614,0.169,-1.671,3.4417,4.056,0,8.947,10.638,12.848,9.26,-0.19502283404159645
0.0,7.0,0.1828360707,0.183,-1.62,3.4477,4.063,0,8.82,10.437,12.569,9.076,-0.18124064148321842
0.0,7.0,0.1975269169,0.197,-1.57,3.4535,4.069,0,8.695,10.243,12.299,8.899,-0.1682330732676368
0.0,7.0,0.2103438675,0.21,-1.53,3.4579,4.075,0,8.596,10.092,12.089,8.762,-0.15735653898147375
0.0,7.0,0.2289150357,0.229,-1.476,3.4641,4.082,0,8.459,9.889,11.812,8.576,-0.14204844517848916
0.0,7.0,0.2491668612,0.249,-1.421,3.4703,4.089,0,8.322,9.69,11.546,8.395,-0.12736651280056532
0.0,7.0,0.2697920203,0.27,-1.37,3.4763,4.096,0,8.195,9.506,11.298,8.227,-0.11328430426893966
0.0,7.0,0.2991635501,0.299,-1.303,3.4844,4.106,0,8.027,9.261,10.967,8.006,-0.09613059218621842
0.0,7.0,0.3000000119,0.3,-1.301,3.4846,4.106,0,8.022,9.255,10.958,8.0,-0.09540555898860209
0.0,7.0,0.3208859563,0.321,-1.259,3.4897,4.114,0,7.917,9.101,10.75,7.862,-0.08471367014599725
0.0,7.0,0.3500000238,0.35,-1.203,3.4964,4.123,0,7.778,8.909,10.499,7.687,-0.07043216417329556
0.0,7.0,0.3603455424,0.36,-1.186,3.4985,4.127,0,7.735,8.849,10.422,7.633,-0.06631493596478955
0.0,7.0,0.4000000358,0.4,-1.12,3.5064,4.138,0,7.57,8.626,10.136,7.43,-0.048936190684452104
0.0,7.0,0.4196018279,0.419,-1.09,3.5102,4.144,0,7.496,8.524,10.003,7.337,-0.04185917486528575
0.0,7.0,0.4500000179,0.45,-1.045,3.516,4.152,0,7.383,8.37,9.804,7.198,-0.030359929460761523
0.0,7.0,0.4760715663,0.476,-1.011,3.5208,4.162,0,7.298,8.251,9.649,7.092,-0.023162709988186696
0.0,7.0,0.5,0.5,-0.979,3.5251,4.169,0,7.219,8.141,9.506,6.994,-0.01598118418042367
0.0,7.0,0.5128666162,0.513,-0.964,3.5277,4.174,0,7.179,8.083,9.427,6.943,-0.012907503792525374
0.0,7.0,0.5434182286,0.543,-0.927,3.5328,4.183,0,7.086,7.955,9.262,6.83,-0.005066271554009688
0.0,7.0,0.5500000119,0.55,-0.919,3.5337,4.184,0,7.068,7.93,9.23,6.808,-0.0027848416013114153
0.0,7.0,0.5567127466,0.556,-0.911,3.5352,4.187,0,7.048,7.901,9.191,6.782,-0.0019287905574046844
0.0,7.0,0.5864229798,0.586,-0.877,3.5405,4.197,0,6.962,7.779,9.03,6.675,0.004482621660612019
0.0,7.0,0.6000000238,0.6,-0.862,3.5425,4.2,0,6.925,7.728,8.965,6.631,0.008109438843388382
0.0,7.0,0.620954752,0.621,-0.837,3.5471,4.208,0,6.862,7.634,8.839,6.55,0.011579613739856689
0.0,7.0,0.6499999762,0.65,-0.804,3.5524,4.216,0,6.78,7.517,8.684,6.449,0.01749049197299446
0.0,7.0,0.6672595739,0.667,-0.782,3.5564,4.222,0,6.725,7.436,8.576,6.38,0.020096730609840904
0.0,7.0,0.7000000477,0.7,-0.74,3.5636,4.23,0,6.621,7.284,8.376,6.251,0.02658283365869491
0.0,7.0,0.75,0.75,-0.582,3.6185,4.321,0,6.225,6.557,7.343,5.69,-0.003935554652583148
0.0,7.0,0.769023478,0.769,-0.564,3.6207,4.323,0,6.181,6.501,7.277,5.641,0.0004969835522819719
0.0,7.0,0.8000000119,0.8,-0.532,3.6243,4.322,0,6.099,6.4,7.159,5.551,0.009578807147538415
0.0,7.0,0.8286339045,0.828,-0.503,3.6282,4.324,0,6.027,6.307,7.049,5.469,0.01604898204400681
0.0,7.0,0.8500000238,0.85,-0.478,3.6311,4.322,0,5.965,6.23,6.958,5.401,0.022743276508712995
0.0,7.0,0.8908512592,0.89,-0.43,3.6374,4.319,0,5.844,6.076,6.774,5.267,0.034228816974023066
0.0,7.0,0.8999999762,0.899,-0.419,3.6389,4.318,0,5.816,6.041,6.732,5.236,0.03691365951818133
0.0,7.0,0.9269083738,0.926,-0.388,3.6432,4.317,0,5.74,5.942,6.615,5.15,0.043839306992533765
0.0,7.0,0.9499999881,0.95,-0.358,3.6472,4.315,0,5.666,5.848,6.503,5.068,0.05039561629599035
0.0,7.0,0.9896020293,0.99,-0.31,3.6542,4.313,0,5.545,5.693,6.32,4.933,0.06035141095034178
0.0,7.0,1.0,1.0,-0.296,3.6562,4.311,0,5.511,5.65,6.268,4.895,0.06353381365156674
0.0,7.0,1.0499999523,1.05,-0.236,3.6658,4.31,0,5.359,5.456,6.039,4.728,0.07462846318653593
0.0,7.0,1.0606496334,1.06,-0.221,3.668,4.309,0,5.324,5.412,5.987,4.69,0.07718674628395181
0.0,7.0,1.0928220749,1.092,-0.171,3.6757,4.303,0,5.199,5.257,5.806,4.556,0.08664513283592601
0.0,7.0,1.1000000238,1.099,-0.16,3.6775,4.301,0,5.17,5.222,5.765,4.526,0.08903265986331187
0.0,7.0,1.144567132,1.144,-0.093,3.688,4.293,0,5.002,5.019,5.53,4.35,0.10174682588006924
0.0,7.0,1.1499999762,1.149,-0.084,3.6894,4.292,0,4.979,4.992,5.498,4.326,0.10319382799570938
0.0,7.0,1.2000000477,1.2,-0.003,3.7018,4.28,0,4.778,4.756,5.227,4.121,0.11862443667537896
0.0,7.0,1.2108980417,1.21,0.014,3.7045,4.276,0,4.734,4.705,5.169,4.076,0.12242649880979188
0.0,7.0,1.25,1.25,0.084,3.7148,4.262,0,4.56,4.507,4.945,3.901,0.13648882015559516
0.0,7.0,1.2700788975,1.27,0.121,3.7201,4.253,0,4.467,4.402,4.827,3.809,0.14443567412954503
0.0,7.0,1.2999999523,1.3,0.181,3.7284,4.237,0,4.318,4.238,4.645,3.663,0.15750548980498513
0.0,7.0,1.3240245581,1.324,0.231,3.7351,4.221,0,4.193,4.102,4.493,3.542,0.16947780620340724
0.0,7.0,1.3500000238,1.35,0.29,3.7427,4.201,0,4.045,3.944,4.318,3.4,0.18370069789906993
0.0,7.0,1.3689591885,1.369,0.336,3.7482,4.184,0,3.931,3.824,4.185,3.293,0.19523553771856159
0.0,7.0,1.3999999762,1.4,0.417,3.7577,4.15,0,3.727,3.611,3.951,3.102,0.2170978314906856
0.0,7.0,1.4047262669,1.405,0.43,3.7592,4.144,0,3.694,3.577,3.913,3.072,0.22087197577211598
0.0,7.0,1.4286682606,1.429,0.501,3.7669,4.112,0,3.517,3.395,3.714,2.908,0.24054992804705175
0.0,7.0,1.4500000477,1.45,0.568,3.7742,4.08,0,3.35,3.223,3.526,2.754,0.2597178147690541
0.0,7.0,1.4673676491,1.468,0.624,3.7804,4.054,0,3.21,3.081,3.37,2.627,0.27539684144159243
0.0,7.0,1.4870699644,1.487,0.687,3.7878,4.027,0,3.052,2.922,3.196,2.486,0.2916892979125437
0.0,7.0,1.5,1.5,0.728,3.793,4.01,0,2.951,2.82,3.084,2.397,0.30207944317940744
0.0,7.0,1.5066207647,1.507,0.748,3.7957,4.002,0,2.899,2.768,3.026,2.351,0.3070904398088827
0.0,7.0,1.5275974274,1.528,0.812,3.8049,3.982,0,2.74,2.609,2.849,2.216,0.32009549077140215
0.0,7.0,1.5445896387,1.545,0.861,3.8132,3.971,0,2.618,2.488,2.711,2.115,0.32799805553199335
0.0,7.0,1.5499999523,1.55,0.875,3.8162,3.97,0,2.582,2.452,2.67,2.086,0.3291996627367124
0.0,7.0,1.5619095564,1.562,0.906,3.8231,3.97,0,2.504,2.374,2.58,2.025,0.33087432842220743
0.0,7.0,1.5773038864,1.577,0.942,3.8333,3.979,0,2.416,2.288,2.476,1.962,0.3284496603160181
0.0,7.0,1.5953432322,1.595,0.975,3.847,4.006,0,2.332,2.208,2.374,1.915,0.3174141573481666
0.0,7.0,1.6000000238,1.6,0.983,3.8508,4.014,0,2.313,2.189,2.35,1.906,0.314093804979529
0.0,7.0,1.6000740528,1.6,0.983,3.8509,4.014,0,2.312,2.189,2.349,1.905,0.314093804979529
0.0,7.0,1.6043995619,1.604,0.989,3.8545,4.024,0,2.297,2.176,2.33,1.901,0.30963599562563904
0.0,7.0,1.6184947491,1.618,0.993,3.8633,4.06,0,2.289,2.172,2.313,1.918,0.29352307228969365
0.0,7.0,1.6409350634,1.64,0.979,3.8727,4.117,0,2.323,2.214,2.342,1.982,0.26795573767541564
0.0,7.0,1.6499999762,1.649,0.966,3.8744,4.139,0,2.355,2.247,2.373,2.019,0.25814414147382597
0.0,7.0,1.6588681936,1.658,0.95,3.875,4.159,0,2.395,2.288,2.413,2.061,0.24932607675869414
0.0,7.0,1.6711912155,1.67,0.926,3.8741,4.183,0,2.454,2.348,2.475,2.118,0.2388920492253584
0.0,7.0,1.6842002869,1.683,0.906,3.8729,4.202,0,2.506,2.4,2.529,2.166,0.23107587163947868
0.0,7.0,1.7000000477,1.699,0.896,3.8725,4.214,0,2.53,2.424,2.554,2.189,0.2271305030860893
0.0,7.0,1.7062702179,1.705,0.892,3.8724,4.219,0,2.539,2.434,2.564,2.198,0.2253960053158248
0.0,7.0,1.7297840118,1.729,0.898,3.8744,4.227,0,2.524,2.42,2.547,2.189,0.2244313102885278
0.0,7.0,1.75,1.749,0.931,3.8811,4.226,0,2.442,2.342,2.459,2.128,0.227428718390905
0.0,7.0,1.7655030489,1.764,0.956,3.8862,4.226,0,2.381,2.285,2.394,2.083,0.22928310404946717
0.0,7.0,1.7968058586,1.796,1.014,3.8997,4.229,0,2.235,2.152,2.241,1.984,0.23168697981720943
0.0,7.0,1.7999998331,1.799,1.02,3.9014,4.23,0,2.219,2.138,2.225,1.975,0.2315493953243421
0.0,7.0,1.8316438198,1.83,1.085,3.9194,4.244,0,2.056,2.0,2.063,1.883,0.22825935851678156
0.0,7.0,1.8500000238,1.849,1.124,3.9312,4.257,0,1.959,1.926,1.974,1.837,0.22400226923115343
0.0,7.0,1.85676682,1.856,1.138,3.9356,4.263,0,1.924,1.902,1.944,1.822,0.22182279959298837
0.0,7.0,1.8939672709,1.893,1.194,3.956,4.298,0,1.786,1.823,1.845,1.782,0.20860912063346498
0.0,7.0,1.8999999762,1.899,1.193,3.9561,4.3,0,1.789,1.826,1.848,1.784,0.20829629602007552
0.0,7.0,1.9158895016,1.915,1.206,3.9625,4.316,0,1.754,1.813,1.83,1.782,0.2021182028038876
0.0,7.0,1.9500000477,1.95,1.222,3.9698,4.337,0,1.715,1.801,1.813,1.781,0.19555111933282587
0.0,7.0,1.9702951908,1.97,1.233,3.9742,4.349,0,1.688,1.793,1.801,1.778,0.19176692673236306
0.0,7.0,2.0,2.0,1.251,3.9787,4.355,0,1.643,1.765,1.77,1.757,0.19204881148355707
0.0,7.0,2.0398910046,2.04,1.271,3.9839,4.364,0,1.593,1.738,1.739,1.736,0.19184889736451613
0.0,7.0,2.0499999523,2.05,1.279,3.9856,4.365,0,1.572,1.724,1.724,1.725,0.1924107441794437
0.0,7.0,2.0999999046,2.099,1.321,3.9937,4.365,0,1.467,1.654,1.649,1.665,0.1975400329427668
0.0,7.0,2.1500000954,2.149,1.362,4.0016,4.366,0,1.364,1.588,1.578,1.607,0.20215202139728858
0.0,7.0,2.2000000477,2.199,1.402,4.0093,4.367,0,1.264,1.523,1.51,1.551,0.20664642833196187
0.0,7.0,2.25,2.249,1.441,4.0167,4.367,0,1.167,1.461,1.444,1.495,0.21152854136938284
0.0,7.0,2.2999999523,2.299,1.479,4.0238,4.368,0,1.072,1.401,1.38,1.442,0.21580329928620612
0.0,7.0,2.4000000954,2.399,1.551,4.0373,4.368,0,0.891,1.287,1.26,1.339,0.2250489376354818
0.0,7.0,2.5999999046,2.6,1.686,4.062,4.367,0,0.555,1.075,1.038,1.145,0.2430204876369757
0.0,7.0,2.7361083031,2.736,1.772,4.0772,4.364,1,0.341,0.94,0.897,1.019,0.25559186017560603
0.0,7.0,2.7999999523,2.8,1.81,4.0841,4.363,1,0.244,0.879,0.834,0.963,0.2611128293226761
0.0,7.0,2.997923851,2.998,1.924,4.104,4.358,1,-0.041,0.7,0.649,0.796,0.27844962790769723
0.0,7.0,3.0,3.0,1.926,4.1042,4.358,1,-0.044,0.698,0.647,0.794,0.2785944410113981
0.0,7.0,3.2000000477,3.199,2.032,4.1226,4.353,0,-0.311,0.533,0.476,0.64,0.29504093369362033
0.0,7.0,3.4000000954,3.398,2.132,4.1395,4.347,1,-0.561,0.378,0.315,0.493,0.31114550091807985
0.0,7.0,3.5999999046,3.598,2.226,4.1549,4.34,1,-0.795,0.232,0.164,0.356,0.327064393156333
0.0,7.0,3.749484539,3.747,2.292,4.166,4.335,1,-0.961,0.129,0.059,0.26,0.33837566019846566
0.0,7.0,3.7999999523,3.798,2.314,4.1697,4.334,1,-1.016,0.095,0.024,0.228,0.3418112938520662
0.0,7.0,4.0,4.001,2.397,4.1831,4.327,1,-1.223,-0.034,-0.11,0.106,0.35661808934106537
0.0,7.0,4.1999998093,4.198,2.477,4.1961,4.321,1,-1.422,-0.156,-0.235,-0.008,0.37005503077475765
0.0,7.0,4.4000000954,4.397,2.552,4.2081,4.314,1,-1.609,-0.273,-0.356,-0.119,0.3836120464614198
0.0,7.0,4.5999999046,4.597,2.623,4.2194,4.307,1,-1.788,-0.386,-0.472,-0.225,0.39677106552672137
0.0,7.0,4.8000001907,4.798,2.692,4.2303,4.3,1,-1.96,-0.493,-0.583,-0.326,0.4095639354674726
0.0,7.0,5.0,4.999,2.757,4.2401,4.292,1,-2.122,-0.598,-0.69,-0.426,0.42247538202786183
0.0,7.0,5.0192375183,5.018,2.763,4.2411,4.292,1,-2.138,-0.608,-0.7,-0.435,0.4232991421408626
0.0,7.0,5.1999998093,5.2,2.82,4.2498,4.285,1,-2.279,-0.698,-0.793,-0.52,0.43453548546896625
0.0,7.0,5.3999996185,5.401,2.88,4.2592,4.279,1,-2.431,-0.795,-0.892,-0.611,0.44577090229216354
0.0,7.0,5.5999994278,5.601,2.939,4.2681,4.272,1,-2.576,-0.888,-0.989,-0.7,0.457166599985937
0.0,7.0,5.8000001907,5.801,2.995,4.2765,4.265,1,-2.716,-0.98,-1.082,-0.787,0.46828524638536534
0.0,7.0,6.0,6.0,3.049,4.2846,4.258,1,-2.852,-1.068,-1.173,-0.87,0.47910943884338847
0.0,7.0,6.1999998093,6.2,3.101,4.2925,4.251,1,-2.983,-1.154,-1.261,-0.952,0.48972965840069355
0.0,7.0,6.4000000954,6.399,3.152,4.2999,4.244,1,-3.109,-1.237,-1.347,-1.031,0.5000898687361124
0.0,7.0,7.0,6.996,3.295,4.3208,4.223,1,-3.467,-1.477,-1.592,-1.259,0.5299587140548863
0.0,7.0,7.1838927269,7.181,3.336,4.3266,4.217,1,-3.569,-1.546,-1.663,-1.325,0.5386262770151516
0.0,7.0,7.8310551643,7.831,3.474,4.3461,4.194,1,-3.914,-1.783,-1.905,-1.552,0.5689424256352982
0.0,7.0,8.0,8.001,3.508,4.3508,4.188,1,-4.001,-1.844,-1.967,-1.61,0.5766059488563361
0.0,7.0,8.1143121719,8.115,3.531,4.3539,4.184,1,-4.057,-1.883,-2.007,-1.648,0.581678075732692
0.0,7.0,8.7614240646,8.757,3.655,4.3703,4.159,1,-4.367,-2.104,-2.232,-1.86,0.6107114885054052
0.0,7.0,9.0,8.995,3.699,4.376,4.149,1,-4.478,-2.184,-2.314,-1.938,0.6215343974923517
0.0,7.0,9.1375169754,9.133,3.724,4.379,4.143,1,-4.539,-2.229,-2.359,-1.981,0.6278405424755212
0.0,7.0,9.7016201019,9.698,3.821,4.391,4.119,1,-4.783,-2.41,-2.543,-2.156,0.6528749035413196
0.0,7.0,10.0,9.998,3.872,4.3969,4.106,1,-4.909,-2.504,-2.639,-2.248,0.6659903798598524
0.0,7.0,10.1542730331,10.153,3.897,4.3998,4.099,1,-4.972,-2.552,-2.687,-2.294,0.6728310067436352
0.0,7.0,10.6625652313,10.663,3.977,4.4087,4.075,1,-5.174,-2.693,-2.835,-2.43,0.6954735182551703
0.0,7.0,11.0,11.001,4.03,4.4141,4.058,1,-5.305,-2.8,-2.945,-2.529,0.7107498959916994
0.0,7.0,11.3079423904,11.309,4.076,4.4186,4.042,1,-5.421,-2.897,-3.044,-2.618,0.724745915686239
0.0,7.0,11.6986665726,11.7,4.134,4.4237,4.019,1,-5.565,-3.022,-3.173,-2.733,0.7436267445246474
0.0,7.0,12.0,12.001,4.178,4.4274,4.001,1,-5.675,-3.121,-3.272,-2.832,0.75814253152485
0.0,7.0,12.1228971481,12.121,4.195,4.4287,3.993,1,-5.717,-3.159,-3.309,-2.871,0.7643030392666365
0.0,7.0,12.4988889694,12.489,4.246,4.4324,3.97,1,-5.845,-3.273,-3.422,-2.99,0.7822976464547866
0.0,7.0,12.8730363846,12.854,4.296,4.4356,3.945,1,-5.97,-3.387,-3.535,-3.108,0.8010529614387573
0.0,7.0,13.3533258438,13.32,4.36,4.4385,3.908,1,-6.131,-3.538,-3.686,-3.262,0.8272859260687079
0.0,7.0,13.7968626022,13.75,4.419,4.4401,3.87,1,-6.277,-3.681,-3.828,-3.406,0.8531851627347073
0.0,7.0,14.0,13.947,4.445,4.4405,3.851,0,-6.343,-3.748,-3.896,-3.474,0.8657742141029414
0.0,7.0,14.0324316025,13.979,4.449,4.4405,3.848,0,-6.353,-3.758,-3.906,-3.484,0.8677718660940466
0.0,7.0,14.48341465,14.418,4.504,4.4406,3.807,0,-6.491,-3.901,-4.049,-3.627,0.8949863242453386
0.0,7.0,14.9800291061,14.899,4.565,4.4387,3.753,0,-6.643,-4.071,-4.219,-3.795,0.9291123737283011
0.0,7.0,15.464058876,15.366,4.624,4.4348,3.692,0,-6.79,-4.249,-4.397,-3.971,0.9663142280776033
0.0,7.0,15.8972196579,15.782,4.676,4.4293,3.629,0,-6.921,-4.421,-4.569,-4.144,1.0036148331746044
0.0,7.0,16.0,15.88,4.689,4.4277,3.613,0,-6.952,-4.465,-4.612,-4.188,1.0129590626971055
0.0,7.0,16.0958461761,15.97,4.7,4.4262,3.599,0,-6.979,-4.503,-4.651,-4.227,1.021186271720808
0.0,7.0,16.4518585205,16.303,4.741,4.4185,3.536,0,-7.081,-4.661,-4.804,-4.393,1.0571675779260354
0.0,7.0,16.7961940765,16.623,4.78,4.4094,3.469,0,-7.18,-4.826,-4.965,-4.571,1.09488851609135
0.0,7.0,17.1179542542,16.921,4.817,4.3991,3.398,0,-7.272,-4.965,-5.1,-4.717,1.1342468263851213
0.0,7.0,17.3106994629,17.1,4.839,4.3914,3.349,0,-7.328,-5.071,-5.204,-4.827,1.1610318688476435
0.0,7.0,17.4997138977,17.274,4.862,4.3828,3.296,0,-7.385,-5.18,-5.312,-4.94,1.1897302712824296
0.0,7.0,17.7474975586,17.498,4.893,4.3745,3.238,0,-7.462,-5.288,-5.418,-5.05,1.2215280197489642
0.0,7.0,18.0,17.717,4.93,4.3808,3.232,0,-7.555,-5.355,-5.486,-5.115,1.227228906237822
0.0,7.0,18.0268783569,17.739,4.934,4.382,3.233,0,-7.565,-5.362,-5.494,-5.122,1.2269983805109508
0.0,7.0,18.049036026,17.759,4.943,4.3923,3.266,0,-7.588,-5.32,-5.454,-5.076,1.2107430672695605
0.0,7.0,18.0580749512,17.768,4.954,4.4028,3.297,0,-7.616,-5.347,-5.481,-5.105,1.1953530864217754
0.0,7.0,18.0626239777,17.771,4.969,4.4139,3.326,0,-7.653,-5.323,-5.461,-5.071,1.1808897470888962
0.0,7.0,18.0643596649,17.773,4.98,4.4207,3.343,0,-7.68,-5.31,-5.451,-5.052,1.1724141840955562
0.0,7.0,18.0653038025,17.774,4.979,4.4207,3.343,0,-7.678,-5.309,-5.449,-5.05,1.1724264015676922
0.0,7.0,18.069519043,17.778,4.968,4.4143,3.329,1,-7.651,-5.317,-5.456,-5.065,1.179475264583414
0.0,7.0,18.0707778931,17.779,4.966,4.4043,3.291,1,-7.645,-5.371,-5.506,-5.128,1.1984874786195256
0.0,7.0,18.0719184875,17.78,4.966,4.393,3.246,1,-7.644,-5.369,-5.503,-5.124,1.220999691968664
0.0,7.0,18.0729217529,17.781,4.967,4.3815,3.199,1,-7.646,-5.443,-5.575,-5.204,1.244511904630907
0.0,7.0,18.073764801,17.781,4.968,4.3707,3.155,1,-7.65,-5.474,-5.604,-5.238,1.266511904630907
0.0,7.0,18.0746097565,17.782,4.97,4.359,3.106,1,-7.654,-5.635,-5.762,-5.408,1.2910241166063314
0.0,7.0,18.0754795074,17.783,4.972,4.3461,3.053,1,-7.659,-5.72,-5.844,-5.499,1.3175363278950145
0.0,7.0,18.0761756897,17.783,4.973,4.3352,3.007,1,-7.663,-5.781,-5.903,-5.564,1.3405363278950146
0.0,7.0,18.076883316,17.783,4.975,4.3234,2.959,1,-7.666,-5.848,-5.967,-5.636,1.3645363278950144
0.0,7.0,18.0775947571,17.784,4.976,4.3109,2.908,1,-7.669,-5.925,-6.042,-5.719,1.3900485384970338
0.0,7.0,18.0781364441,17.784,4.976,4.301,2.868,1,-7.671,-5.985,-6.1,-5.784,1.4100485384970338
0.0,7.0,18.0786819458,17.784,4.977,4.2905,2.825,1,-7.672,-5.908,-6.018,-5.711,1.4315485384970337
0.0,7.0,18.0792255402,17.785,4.977,4.2797,2.781,1,-7.673,-5.973,-6.079,-5.785,1.4535607484124662
0.0,7.0,18.0797767639,17.785,4.978,4.2682,2.735,1,-7.674,-6.038,-6.141,-5.857,1.4765607484124663
0.0,7.0,18.0803318024,17.785,4.978,4.256,2.687,1,-7.674,-6.105,-6.204,-5.931,1.5005607484124663
0.0,7.0,18.0808925629,17.786,4.978,4.2433,2.635,1,-7.674,-6.176,-6.271,-6.009,1.5265729576413893
0.0,7.0,18.0814571381,17.786,4.977,4.2298,2.582,1,-7.673,-6.25,-6.341,-6.091,1.5530729576413893
0.0,7.0,18.0818347931,17.787,4.977,4.2204,2.545,1,-7.672,-6.301,-6.39,-6.148,1.5715851661838798
0.0,7.0,18.0822181702,17.786,4.976,4.2104,2.505,1,-7.671,-6.355,-6.44,-6.208,1.5915729576413893
0.0,7.0,18.0826034546,17.787,4.976,4.2001,2.465,1,-7.669,-6.41,-6.492,-6.27,1.6115851661838798
0.0,7.0,18.0829944611,17.787,4.975,4.1892,2.422,1,-7.667,-6.469,-6.547,-6.334,1.6330851661838797
0.0,7.0,18.0833911896,17.787,4.974,4.1776,2.377,1,-7.665,-6.53,-6.605,-6.403,1.6555851661838799
0.0,7.0,18.0838012695,17.787,4.973,4.1651,2.328,1,-7.662,-6.595,-6.666,-6.477,1.6800851661838798
0.0,7.0,18.0842247009,17.788,4.971,4.1515,2.275,1,-7.658,-6.663,-6.728,-6.558,1.7065973740400153
0.0,7.0,18.0846710205,17.788,4.969,4.1364,2.217,1,-7.653,-6.742,-6.802,-6.647,1.7355973740400152
0.0,7.0,18.0851383209,17.788,4.967,4.1195,2.151,1,-7.647,-6.835,-6.891,-6.744,1.7685973740400154
0.0,7.0,18.0853881836,17.789,4.966,4.1101,2.115,1,-7.644,-6.885,-6.939,-6.798,1.7866095812098726
0.0,7.0,18.0856552124,17.788,4.964,4.0995,2.074,1,-7.64,-6.939,-6.989,-6.858,1.8070973740400154
0.0,7.0,18.0859375,17.788,4.962,4.0879,2.029,1,-7.636,-6.997,-7.043,-6.923,1.8295973740400153
0.0,7.0,18.0862560272,17.789,4.96,4.0741,1.976,1,-7.63,-7.056,-7.095,-7.0,1.8561095812098727
0.0,7.0,18.0866146088,17.789,4.958,4.0577,1.913,1,-7.624,-7.13,-7.16,-7.091,1.8876095812098725
0.0,7.0,18.0870132446,17.788,4.954,4.038,1.838,1,-7.616,-7.222,-7.246,-7.194,1.925097374040015
0.0,7.0,18.0874576569,17.787,4.951,4.014,1.745,1,-7.607,-7.329,-7.344,-7.315,1.9715851661838797
0.0,7.0,18.0879573822,17.787,4.947,3.9844,1.631,1,-7.596,-7.452,-7.457,-7.455,2.0285851661838796
0.0,7.0,18.0885124207,17.786,4.941,3.9476,1.489,1,-7.584,-7.573,-7.554,-7.623,2.099572957641389
0.0,7.0,18.0891246796,17.786,4.935,3.9024,1.315,1,-7.567,-7.7,-7.655,-7.795,2.1865729576413893
0.0,7.0,18.089717865,17.785,4.926,3.8527,1.124,1,-7.546,-7.74,-7.634,-7.941,2.282060748412466
0.0,7.0,18.0899925232,17.786,4.921,3.8283,1.032,1,-7.532,-7.731,-7.578,-8.004,2.328072957641389
0.0,7.0,18.0901470184,17.785,4.917,3.8146,0.981,1,-7.523,-7.719,-7.536,-8.036,2.353560748412466
0.0,7.0,18.0903186798,17.785,4.912,3.798,0.92,1,-7.509,-7.7,-7.475,-8.073,2.384060748412466
0.0,7.0,18.0905094147,17.785,4.905,3.7786,0.85,1,-7.492,-7.67,-7.391,-8.108,2.419060748412466
0.0,7.0,18.0907249451,17.785,4.897,3.7568,0.77,1,-7.472,-7.624,-7.279,-8.134,2.4590607484124662
0.0,7.0,18.0909633636,17.785,4.885,3.733,0.687,1,-7.442,-7.553,-7.138,-8.132,2.5005607484124663
0.0,7.0,18.0912342072,17.785,4.867,3.7081,0.606,1,-7.397,-7.448,-6.967,-8.088,2.541060748412466
0.0,7.0,18.0915298462,17.785,4.842,3.6808,0.521,1,-7.334,-7.304,-6.752,-8.003,2.583560748412466
0.0,7.0,18.0918579102,17.785,4.817,3.6529,0.435,1,-7.272,-7.136,-6.503,-7.897,2.6265607484124662
0.0,7.0,18.092546463,17.785,4.755,3.6158,0.348,1,-7.117,-6.775,-6.007,-7.627,2.670060748412466
0.0,7.0,18.0929145813,17.786,4.749,3.6066,0.317,1,-7.103,-6.699,-5.89,-7.578,2.6855729576413894
0.0,7.0,18.0933074951,17.786,4.758,3.5971,0.271,1,-7.125,-6.651,-5.792,-7.56,2.708572957641389
0.0,7.0,18.093624115,17.786,4.805,3.5886,0.19,1,-7.242,-6.698,-5.786,-7.637,2.7490729576413893
0.0,7.0,18.0938453674,17.786,4.833,3.583,0.139,1,-7.313,-6.718,-5.764,-7.678,2.7745729576413893
0.0,7.0,18.0942630768,17.787,4.887,3.5732,0.046,1,-7.448,-6.751,-5.708,-7.755,2.8210851661838796
0.0,7.0,18.1143932343,17.785,5.015,3.5575,-0.145,1,-7.768,-6.861,-5.6,-7.955,2.9165607484124663
0.0,7.0,18.1453914642,17.786,4.98,3.5622,-0.091,1,-7.679,-6.842,-5.658,-7.907,2.889572957641389
0.0,7.0,18.1954936981,17.795,4.943,3.5679,-0.031,1,-7.588,-6.827,-5.723,-7.86,2.859682809821499
0.0,7.0,18.3246307373,17.829,4.934,3.5756,0.009,1,-7.565,-6.893,-5.87,-7.888,2.840097306140503
0.0,7.0,18.3765258789,17.839,4.988,3.5834,-0.013,1,-7.701,-7.107,-6.146,-8.071,2.851219066399918
0.0,7.0,18.3848724365,17.838,5.06,3.6694,0.259,1,-7.881,-7.813,-7.218,-8.545,2.7152068934458575
0.0,7.0,18.3889255524,17.832,5.062,3.8313,0.904,1,-7.885,-8.086,-7.942,-8.347,2.3926338413876573
0.0,7.0,18.3910274506,17.828,5.062,3.8731,1.071,1,-7.886,-8.066,-7.993,-8.214,2.309085126358636
0.0,7.0,18.3919715881,17.826,5.064,3.8881,1.13,1,-7.89,-8.051,-7.994,-8.168,2.2795607647452205
0.0,7.0,18.3924198151,17.824,5.065,3.8953,1.157,1,-7.892,-8.038,-7.988,-8.146,2.266036400398384
0.0,7.0,18.3928432465,17.823,5.065,3.9034,1.189,1,-7.893,-8.02,-7.974,-8.119,2.2500242171997415
0.0,7.0,18.3930206299,17.823,5.065,3.9073,1.205,1,-7.894,-8.01,-7.966,-8.106,2.2420242171997415
0.0,7.0,18.3932170868,17.823,5.066,3.9118,1.223,1,-7.894,-7.998,-7.957,-8.089,2.233024217199741
0.0,7.0,18.3934383392,17.823,5.065,3.9179,1.247,1,-7.893,-7.981,-7.945,-8.064,2.221024217199741
0.0,7.0,18.3936824799,17.823,5.064,3.9262,1.281,1,-7.891,-7.959,-7.931,-8.025,2.2040242171997413
0.0,7.0,18.3939590454,17.823,5.063,3.9354,1.319,1,-7.889,-7.927,-7.904,-7.982,2.1850242171997416
0.0,7.0,18.3942661285,17.823,5.063,3.9443,1.356,1,-7.886,-7.89,-7.87,-7.941,2.166524217199741
0.0,7.0,18.3946113586,17.823,5.062,3.9526,1.39,1,-7.885,-7.856,-7.84,-7.9,2.1495242171997413
0.0,7.0,18.3949947357,17.823,5.061,3.9611,1.424,1,-7.883,-7.827,-7.819,-7.857,2.1325242171997414
0.0,7.0,18.3954257965,17.823,5.06,3.9698,1.46,1,-7.88,-7.798,-7.798,-7.81,2.1145242171997416
0.0,7.0,18.3959083557,17.823,5.059,3.9783,1.495,1,-7.878,-7.76,-7.763,-7.767,2.0970242171997415
0.0,7.0,18.3964443207,17.823,5.058,3.9867,1.53,1,-7.875,-7.721,-7.727,-7.722,2.0795242171997415
0.0,7.0,18.3970451355,17.823,5.057,3.9956,1.566,1,-7.872,-7.678,-7.687,-7.675,2.061524217199741
0.0,7.0,18.3977184296,17.823,5.056,4.0034,1.599,1,-7.869,-7.64,-7.652,-7.632,2.0450242171997415
0.0,7.0,18.3984680176,17.822,5.054,4.0108,1.63,1,-7.866,-7.602,-7.617,-7.59,2.0295120333175136
0.0,7.0,18.3993091583,17.822,5.053,4.0181,1.661,1,-7.862,-7.564,-7.581,-7.548,2.0140120333175133
0.0,7.0,18.4002475739,17.822,5.051,4.0251,1.69,1,-7.858,-7.527,-7.546,-7.506,1.9995120333175134
0.0,7.0,18.4012985229,17.821,5.05,4.0308,1.715,1,-7.854,-7.495,-7.517,-7.472,1.9869998487516234
0.0,7.0,18.4024734497,17.82,5.049,4.0348,1.731,1,-7.852,-7.473,-7.496,-7.447,1.9789876635019947
0.0,7.0,18.4037857056,17.819,5.048,4.0381,1.746,1,-7.849,-7.454,-7.478,-7.426,1.9714754775685506
0.0,7.0,18.4052505493,17.82,5.047,4.0408,1.757,1,-7.847,-7.439,-7.463,-7.409,1.9659876635019946
0.0,7.0,18.4068927765,17.821,5.046,4.0429,1.767,1,-7.845,-7.426,-7.451,-7.395,1.9609998487516234
0.0,7.0,18.4107761383,17.822,5.044,4.0456,1.779,1,-7.841,-7.409,-7.435,-7.376,1.9550120333175134
0.0,7.0,18.5022659302,17.857,5.044,4.0185,1.672,1,-7.839,-7.539,-7.556,-7.522,2.00893806296359
0.0,7.0,18.7161445618,17.924,5.046,3.946,1.382,1,-7.844,-7.84,-7.821,-7.891,2.1547512812720697
0.0,7.0,18.7251224518,17.926,5.046,3.943,1.37,1,-7.845,-7.853,-7.833,-7.905,2.160775509695074
0.0,7.0,18.8059329987,17.942,5.048,3.9137,1.251,2,-7.85,-7.95,-7.91,-8.036,2.220469239821408
0.0,7.0,18.8577728271,17.951,5.049,3.8937,1.17,2,-7.853,-8.003,-7.952,-8.113,2.2610781371111037
0.0,7.0,18.8996257782,17.957,5.05,3.8771,1.102,2,-7.856,-8.032,-7.963,-8.171,2.2951507049766398
0.0,7.0,18.9229278564,17.952,5.051,3.8671,1.062,2,-7.857,-8.043,-7.962,-8.205,2.3150902334396
0.0,7.0,18.9370956421,17.945,5.051,3.8602,1.034,2,-7.857,-8.049,-7.958,-8.228,2.329005544986196
0.0,7.0,18.9501285553,17.938,5.051,3.8537,1.008,2,-7.858,-8.053,-7.95,-8.249,2.3419208234910065
0.0,7.0,18.9601612091,17.933,5.051,3.8488,0.987,2,-7.858,-8.055,-7.944,-8.265,2.3523602878933487
0.0,7.0,18.9630069733,17.932,5.051,3.8473,0.981,2,-7.858,-8.056,-7.942,-8.27,2.355348178748444
0.0,7.0,18.9776973724,17.925,5.052,3.8397,0.95,2,-7.86,-8.059,-7.931,-8.295,2.3707633958214855
0.0,7.0,18.989358902,17.919,5.052,3.8337,0.926,2,-7.861,-8.061,-7.921,-8.315,2.382690698384934
0.0,7.0,18.9985294342,17.916,5.053,3.8289,0.906,2,-7.862,-8.062,-7.913,-8.331,2.392654340537892
0.0,7.0,19.0097923279,17.911,5.053,3.823,0.882,2,-7.863,-8.063,-7.901,-8.35,2.4045937305950105
0.0,7.0,19.0186443329,17.908,5.054,3.8182,0.862,2,-7.864,-8.063,-7.89,-8.366,2.41455735650727
0.0,7.0,19.0273513794,17.905,5.054,3.8132,0.842,3,-7.865,-8.063,-7.879,-8.381,2.4245209763255278
0.0,7.0,19.0359115601,17.902,5.054,3.8083,0.822,3,-7.866,-8.063,-7.866,-8.398,2.4344845900477394
0.0,7.0,19.0443286896,17.899,5.055,3.8035,0.802,3,-7.867,-8.062,-7.853,-8.414,2.444448197671863
0.0,7.0,19.0505409241,17.897,5.055,3.7998,0.787,3,-7.867,-8.061,-7.843,-8.425,2.4519239326991085
0.0,7.0,19.0566730499,17.895,5.055,3.796,0.772,3,-7.868,-8.06,-7.831,-8.437,2.4593996650145784
0.0,7.0,19.0627193451,17.894,5.055,3.7922,0.756,3,-7.868,-8.058,-7.819,-8.448,2.4673875301552077
0.0,7.0,19.0686779022,17.892,5.056,3.7885,0.741,3,-7.869,-8.057,-7.807,-8.459,2.4748632584018764
0.0,7.0,19.0745506287,17.891,5.056,3.7847,0.726,3,-7.87,-8.055,-7.795,-8.47,2.4823511215077643
0.0,7.0,19.0803356171,17.886,5.056,3.7808,0.71,3,-7.87,-8.053,-7.781,-8.482,2.490290426859704
0.0,7.0,19.0860328674,17.88,5.056,3.7767,0.693,3,-7.87,-8.048,-7.764,-8.492,2.498717570881516
0.0,7.0,19.0916366577,17.875,5.056,3.7725,0.676,3,-7.87,-8.044,-7.746,-8.503,2.507156838888126
0.0,7.0,19.0936985016,17.871,5.056,3.7708,0.669,3,-7.87,-8.042,-7.738,-8.507,2.51060824106082
0.0,7.0,19.1046772003,17.855,5.057,3.7606,0.628,3,-7.871,-8.031,-7.698,-8.529,2.530913740915967
0.0,7.0,19.1168079376,17.838,5.057,3.7473,0.574,3,-7.873,-8.012,-7.64,-8.55,2.5577068934458573
0.0,7.0,19.1263275146,17.825,5.057,3.7336,0.519,3,-7.872,-7.986,-7.575,-8.562,2.5850485829135184
0.0,7.0,19.1357841492,17.814,5.053,3.7169,0.456,3,-7.861,-7.937,-7.479,-8.558,2.6164145376414107
0.0,7.0,19.1448497772,17.805,5.047,3.7076,0.424,3,-7.846,-7.898,-7.413,-8.542,2.632304802656703
0.0,7.0,19.1515350342,17.798,5.052,3.7022,0.398,3,-7.859,-7.896,-7.395,-8.553,2.645219414868806
0.0,7.0,19.159160614,17.791,5.053,3.6968,0.374,3,-7.862,-7.883,-7.366,-8.553,2.6571339934910623
0.0,7.0,19.1667976379,17.784,5.054,3.691,0.35,3,-7.865,-7.868,-7.335,-8.551,2.6690485384970337
0.0,7.0,19.1741161346,17.778,5.055,3.6851,0.325,3,-7.868,-7.851,-7.301,-8.548,2.681475264583414
0.0,7.0,19.1810398102,17.772,5.056,3.679,0.3,3,-7.871,-7.836,-7.271,-8.544,2.6939019659359835
0.0,7.0,19.1875591278,17.767,5.057,3.6729,0.274,3,-7.873,-7.817,-7.234,-8.54,2.7068408648238576
0.0,7.0,19.1936817169,17.763,5.058,3.6667,0.248,3,-7.875,-7.797,-7.193,-8.535,2.719791971552398
0.0,7.0,19.1994304657,17.759,5.059,3.6603,0.222,3,-7.877,-7.774,-7.15,-8.527,2.7327430672695603
0.0,7.0,19.2048130035,17.756,5.059,3.6537,0.195,3,-7.878,-7.744,-7.099,-8.513,2.746206381828231
0.0,7.0,19.2073783875,17.754,5.06,3.6503,0.181,3,-7.879,-7.728,-7.071,-8.505,2.753181921423705
0.0,7.0,19.2098560333,17.753,5.06,3.6468,0.167,3,-7.879,-7.711,-7.041,-8.496,2.760169690188117
0.0,7.0,19.2122516632,17.752,5.06,3.6431,0.152,3,-7.88,-7.692,-7.01,-8.486,2.7676574582635425
0.0,7.0,19.2145671844,17.75,5.06,3.6392,0.136,3,-7.88,-7.672,-6.976,-8.475,2.775632992347123
0.0,7.0,19.2168045044,17.75,5.06,3.6351,0.12,3,-7.88,-7.649,-6.938,-8.462,2.783632992347123
0.0,7.0,19.2189693451,17.749,5.06,3.6307,0.102,3,-7.88,-7.624,-6.897,-8.449,2.792620758355123
0.0,7.0,19.2210578918,17.748,5.06,3.6261,0.084,3,-7.879,-7.596,-6.85,-8.432,2.8016085236738255
0.0,7.0,19.223077774,17.747,5.06,3.621,0.064,3,-7.879,-7.564,-6.799,-8.414,2.811596288303153
0.0,7.0,19.2250232697,17.746,5.059,3.6154,0.042,3,-7.878,-7.527,-6.737,-8.393,2.8225840522430277
0.0,7.0,19.2269039154,17.745,5.058,3.609,0.017,3,-7.876,-7.484,-6.665,-8.367,2.8350718154933725
0.0,7.0,19.2278118134,17.745,5.058,3.6058,0.004,3,-7.875,-7.46,-6.625,-8.352,2.8415718154933725
0.0,7.0,19.228887558,17.744,5.057,3.6016,-0.012,3,-7.873,-7.428,-6.573,-8.332,2.849559578054109
0.0,7.0,19.2298755646,17.744,5.056,3.5974,-0.028,3,-7.871,-7.394,-6.517,-8.311,2.857559578054109
0.0,7.0,19.2307434082,17.744,5.056,3.5934,-0.043,3,-7.869,-7.361,-6.462,-8.29,2.865059578054109
0.0,7.0,19.2313270569,17.744,5.055,3.5905,-0.054,3,-7.867,-7.336,-6.421,-8.275,2.870559578054109
0.0,7.0,19.2320632935,17.744,5.054,3.5867,-0.068,3,-7.864,-7.3,-6.358,-8.252,2.8775595780541092
0.0,7.0,19.2329769135,17.743,5.052,3.5819,-0.085,3,-7.859,-7.251,-6.273,-8.223,2.88604733992516
0.0,7.0,19.2338218689,17.743,5.05,3.5778,-0.099,3,-7.854,-7.204,-6.19,-8.193,2.8930473399251597
0.0,7.0,19.234539032,17.743,5.047,3.5749,-0.108,3,-7.847,-7.165,-6.123,-8.168,2.89754733992516
0.0,7.0,19.2354640961,17.743,5.043,3.5718,-0.117,3,-7.837,-7.121,-6.051,-8.138,2.90204733992516
0.0,7.0,19.2368717194,17.743,5.037,3.569,-0.122,3,-7.822,-7.074,-5.974,-8.104,2.90454733992516
0.0,7.0,19.2384262085,17.743,5.029,3.5672,-0.121,3,-7.802,-7.03,-5.907,-8.069,2.90404733992516
0.0,7.0,19.24036026,17.743,5.019,3.5649,-0.12,3,-7.777,-6.974,-5.821,-8.026,2.90354733992516
0.0,7.0,19.2417850494,17.743,5.024,3.5624,-0.136,3,-7.791,-6.956,-5.77,-8.021,2.91154733992516
0.0,7.0,19.2432250977,17.743,5.037,3.5603,-0.157,3,-7.823,-6.96,-5.746,-8.037,2.92204733992516
0.0,7.0,19.2459144592,17.743,5.049,3.5587,-0.175,3,-7.852,-6.964,-5.719,-8.052,2.93104733992516
0.0,7.0,19.254743576,17.741,5.057,3.5576,-0.187,3,-7.871,-6.966,-5.701,-8.061,2.9370228615978933
0.0,7.0,19.2781887054,17.735,5.099,3.5518,-0.253,3,-7.978,-6.981,-5.605,-8.113,2.9699494100555475
0.0,7.0,19.2817745209,17.733,5.112,3.55,-0.273,3,-8.01,-6.985,-5.577,-8.129,2.979924920685842
0.0,7.0,19.287147522,17.73,5.153,3.545,-0.334,3,-8.112,-6.993,-5.462,-8.172,3.0103881814520257
0.0,7.0,19.2917919159,17.725,5.181,3.5415,-0.377,3,-8.183,-7.0,-5.382,-8.204,3.0318269355791188
0.0,7.0,19.294801712,17.722,5.201,3.5392,-0.406,3,-8.233,-7.002,-5.321,-8.222,3.0462901797620168
0.0,7.0,19.2985363007,17.718,5.242,3.5344,-0.466,3,-8.334,-6.998,-5.173,-8.253,3.076241162325928
0.0,7.0,19.302690506,17.717,5.277,3.5302,-0.518,3,-8.422,-6.993,-5.043,-8.277,3.1022289062378223
0.0,8.0,0.0900000036,0.09,-2.753,3.4028,4.709,0,11.652,13.696,16.47,12.22,-0.6583449316287707
0.0,8.0,0.0928532481,0.093,-2.73,3.406,4.712,0,11.595,13.639,16.414,12.163,-0.6527247120714657
0.0,8.0,0.1000000015,0.1,-2.673,3.4142,4.72,0,11.452,13.495,16.272,12.019,-0.6409661863484332
0.0,8.0,0.1005477086,0.101,-2.669,3.4147,4.72,0,11.442,13.486,16.262,12.009,-0.6388054994571118
0.0,8.0,0.1111151874,0.111,-2.595,3.4243,4.728,0,11.257,13.199,15.846,11.746,-0.6223046969551045
0.0,8.0,0.1200000048,0.12,-2.536,3.4325,4.735,0,11.11,12.935,15.436,11.509,-0.6088755633246211
0.0,8.0,0.1392778903,0.139,-2.434,3.4443,4.745,0,10.855,12.529,14.846,11.138,-0.5819587862213857
0.0,8.0,0.1400000006,0.14,-2.431,3.4447,4.745,0,10.846,12.515,14.826,11.125,-0.5804021685093144
0.0,8.0,0.140235588,0.14,-2.429,3.4448,4.745,0,10.843,12.51,14.819,11.121,-0.5804021685093144
0.0,8.0,0.1599999964,0.16,-2.336,3.4557,4.753,0,10.611,12.14,14.278,10.787,-0.555406195020471
0.0,8.0,0.199403137,0.199,-2.186,3.4723,4.765,0,10.235,11.573,13.472,10.273,-0.5140396481435798
0.0,8.0,0.200000003,0.2,-2.184,3.4725,4.765,0,10.23,11.566,13.461,10.266,-0.5129511885164425
0.0,8.0,0.2154093236,0.215,-2.134,3.4776,4.768,0,10.105,11.385,13.212,10.103,-0.4987469563906305
0.0,8.0,0.25,0.25,-2.033,3.488,4.773,0,9.853,11.02,12.706,9.774,-0.46849618201241433
0.0,8.0,0.2828298807,0.283,-1.949,3.4958,4.774,0,9.642,10.736,12.335,9.515,-0.44207296858628825
0.0,8.0,0.3000000119,0.3,-1.908,3.4995,4.773,0,9.541,10.602,12.161,9.392,-0.42890555898860194
0.0,8.0,0.3500000238,0.35,-1.794,3.5098,4.767,0,9.254,10.23,11.692,9.051,-0.39243216417329563
0.0,8.0,0.4000000358,0.4,-1.679,3.5205,4.753,0,8.967,9.861,11.228,8.714,-0.35643619068445215
0.0,8.0,0.4500000179,0.45,-1.555,3.5326,4.728,0,8.657,9.467,10.741,8.355,-0.31835992946076136
0.0,8.0,0.5,0.5,-1.415,3.549,4.7,0,8.308,9.013,10.175,7.947,-0.28148118418042406
0.0,8.0,0.5205718875,0.52,-1.342,3.5596,4.686,0,8.124,8.762,9.855,7.727,-0.2659645145310337
0.0,8.0,0.5500000119,0.55,-1.24,3.5742,4.667,0,7.87,8.418,9.424,7.426,-0.24428484160131125
0.0,8.0,0.5516371727,0.551,-1.233,3.5754,4.666,0,7.854,8.395,9.395,7.406,-0.24339038692254095
0.0,8.0,0.6000000238,0.6,-1.066,3.6059,4.658,0,7.436,7.816,8.665,6.911,-0.22089056115661168
0.0,8.0,0.6204253435,0.62,-1.002,3.6208,4.668,0,7.275,7.584,8.369,6.718,-0.21877034159930642
0.0,8.0,0.6424232125,0.642,-0.961,3.6295,4.677,0,7.174,7.44,8.187,6.599,-0.2156986723140065
0.0,8.0,0.6499999762,0.65,-0.951,3.6313,4.679,0,7.147,7.404,8.142,6.568,-0.21400950802700555
0.0,8.0,0.6582320333,0.658,-0.939,3.6334,4.681,0,7.119,7.366,8.096,6.536,-0.2123532395414555
0.0,8.0,0.7000000477,0.7,-0.842,3.65,4.677,0,6.875,7.043,7.7,6.262,-0.19691716634130474
0.0,8.0,0.7004068494,0.701,-0.841,3.6502,4.677,0,6.872,7.04,7.695,6.259,-0.1966071773651038
0.0,8.0,0.75,0.75,-0.697,3.6767,4.669,0,6.514,6.568,7.123,5.863,-0.17793555465258304
0.0,8.0,0.8000000119,0.8,-0.569,3.6961,4.647,0,6.193,6.186,6.681,5.53,-0.15292119285246156
0.0,8.0,0.8485322595,0.848,-0.451,3.7135,4.624,0,5.899,5.847,6.295,5.233,-0.1287682602200762
0.0,8.0,0.8500000238,0.85,-0.448,3.7141,4.624,0,5.89,5.837,6.283,5.224,-0.12825672349128678
0.0,8.0,0.8999999762,0.899,-0.334,3.731,4.602,0,5.605,5.518,5.925,4.943,-0.10508634048181899
0.0,8.0,0.9499999881,0.95,-0.225,3.746,4.577,0,5.333,5.226,5.597,4.686,-0.08060438370400945
0.0,8.0,1.0236973763,1.024,-0.067,3.7659,4.531,0,4.938,4.816,5.141,4.322,-0.041316208028527215
0.0,8.0,1.0436550379,1.043,-0.03,3.7705,4.52,0,4.845,4.721,5.036,4.238,-0.03182403213516768
0.0,8.0,1.0499999523,1.05,-0.018,3.7719,4.517,0,4.816,4.691,5.003,4.212,-0.028871536813464375
0.0,8.0,1.1000000238,1.099,0.08,3.7832,4.484,0,4.57,4.443,4.73,3.992,-0.002467340136688051
0.0,8.0,1.1141220331,1.113,0.111,3.7869,4.473,0,4.492,4.365,4.644,3.922,0.005781395818920894
0.0,8.0,1.1499999762,1.149,0.177,3.7942,4.451,0,4.329,4.201,4.466,3.777,0.0236938279957095
0.0,8.0,1.2000000477,1.2,0.267,3.8041,4.419,0,4.103,3.978,4.222,3.577,0.04912443667537925
0.0,8.0,1.25,1.25,0.353,3.8138,4.389,0,3.888,3.765,3.991,3.388,0.07298882015559481
0.0,8.0,1.2999999523,1.3,0.434,3.8229,4.362,1,3.685,3.564,3.774,3.208,0.09500548980498508
0.0,8.0,1.3500000238,1.35,0.511,3.8324,4.339,0,3.493,3.374,3.568,3.04,0.11470069789906957
0.0,8.0,1.3999999762,1.4,0.583,3.8421,4.322,1,3.312,3.195,3.373,2.884,0.13109783149068568
0.0,8.0,1.4500000477,1.45,0.651,3.853,4.312,1,3.141,3.029,3.19,2.743,0.14371781476905393
0.0,8.0,1.5,1.5,0.718,3.8655,4.31,1,2.976,2.869,3.011,2.614,0.15207944317940747
0.0,8.0,1.5499999523,1.55,0.78,3.8789,4.315,1,2.819,2.721,2.843,2.498,0.15669966273671226
0.0,8.0,1.6000000238,1.6,0.842,3.8922,4.321,1,2.666,2.579,2.681,2.389,0.16059380497952921
0.0,8.0,1.6406340599,1.64,0.889,3.9023,4.325,1,2.548,2.471,2.559,2.307,0.16395573767541555
0.0,8.0,1.6499999762,1.649,0.9,3.9046,4.326,1,2.521,2.447,2.532,2.289,0.16464414147382633
0.0,8.0,1.7000000477,1.699,0.956,3.9165,4.331,1,2.381,2.324,2.392,2.196,0.16863050308608932
0.0,8.0,1.75,1.749,1.009,3.9277,4.334,1,2.247,2.209,2.262,2.108,0.17342871839090518
0.0,8.0,1.7865248919,1.785,1.047,3.9354,4.336,1,2.152,2.131,2.175,2.048,0.17685292387567253
0.0,8.0,1.7999998331,1.799,1.061,3.9382,4.336,1,2.117,2.103,2.144,2.026,0.17854939532434225
0.0,8.0,1.8500000238,1.849,1.111,3.948,4.338,1,1.993,2.006,2.036,1.948,0.1835022692311532
0.0,8.0,1.8999999762,1.899,1.159,3.9571,4.338,1,1.873,1.914,1.936,1.873,0.18929629602007542
0.0,8.0,1.9500000477,1.95,1.206,3.9657,4.337,1,1.756,1.828,1.842,1.801,0.19555111933282587
0.0,8.0,2.0,2.0,1.251,3.9739,4.336,1,1.643,1.746,1.754,1.731,0.20154881148355716
0.0,8.0,2.0499999523,2.05,1.295,3.9817,4.334,1,1.533,1.668,1.671,1.664,0.20791074417944397
0.0,8.0,2.0999999046,2.099,1.338,3.9891,4.331,1,1.426,1.593,1.59,1.598,0.21454003294276672
0.0,8.0,2.1470746994,2.146,1.377,3.9957,4.328,1,1.328,1.524,1.518,1.538,0.2208486724665327
0.0,8.0,2.1500000954,2.149,1.379,3.9961,4.327,1,1.322,1.52,1.513,1.534,0.2216520213972884
0.0,8.0,2.2000000477,2.199,1.42,4.003,4.324,1,1.22,1.449,1.438,1.47,0.22814642833196197
0.0,8.0,2.25,2.249,1.46,4.0095,4.32,1,1.12,1.38,1.366,1.408,0.2350285413693827
0.0,8.0,2.2999999523,2.299,1.499,4.0158,4.316,1,1.023,1.312,1.295,1.347,0.2418032992862063
0.0,8.0,2.3050634861,2.304,1.503,4.0164,4.315,1,1.013,1.306,1.288,1.34,0.24277505102715372
0.0,8.0,2.4000000954,2.399,1.575,4.028,4.307,1,0.833,1.182,1.158,1.227,0.25554893763548175
0.0,8.0,2.5057764053,2.505,1.651,4.04,4.298,1,0.642,1.049,1.021,1.104,0.2694376787531989
0.0,8.0,2.5999999046,2.6,1.718,4.0503,4.289,1,0.476,0.935,0.902,0.998,0.28202048763697585
0.0,8.0,2.785490036,2.786,1.842,4.0689,4.268,1,0.164,0.719,0.679,0.794,0.30752436969553915
0.0,8.0,2.7999999523,2.8,1.852,4.0703,4.267,1,0.141,0.702,0.662,0.778,0.30911282932267614
0.0,8.0,2.9223275185,2.923,1.93,4.0816,4.253,1,-0.054,0.566,0.522,0.649,0.32544822133028495
0.0,8.0,3.0,3.0,1.978,4.0885,4.243,1,-0.175,0.482,0.435,0.568,0.33609444101139774
0.0,8.0,3.0670003891,3.067,2.019,4.0941,4.235,1,-0.277,0.41,0.361,0.5,0.3448907016428092
0.0,8.0,3.2000000477,3.199,2.099,4.1048,4.216,1,-0.476,0.267,0.215,0.364,0.3635409336936201
0.0,8.0,3.2661247253,3.265,2.137,4.1098,4.206,1,-0.573,0.198,0.144,0.297,0.37297540645711286
0.0,8.0,3.3818171024,3.38,2.204,4.1183,4.188,1,-0.74,0.077,0.02,0.181,0.38949216379039425
0.0,8.0,3.4000000954,3.398,2.215,4.1195,4.185,1,-0.766,0.058,0.001,0.163,0.39214550091808037
0.0,8.0,3.4408164024,3.439,2.237,4.1224,4.179,1,-0.824,0.016,-0.041,0.123,0.39774990156257334
0.0,8.0,3.5434710979,3.541,2.295,4.1292,4.161,1,-0.967,-0.089,-0.149,0.021,0.41309677703062236
0.0,8.0,3.5999999046,3.598,2.326,4.1327,4.151,1,-1.045,-0.148,-0.209,-0.035,0.42156439315633304
0.0,8.0,3.7141757011,3.712,2.388,4.1395,4.129,1,-1.2,-0.265,-0.328,-0.149,0.4393377974249792
0.0,8.0,3.7999999523,3.798,2.435,4.1442,4.112,1,-1.317,-0.355,-0.42,-0.236,0.45281129385206603
0.0,8.0,3.8424263,3.841,2.457,4.1464,4.103,1,-1.373,-0.399,-0.464,-0.279,0.4597559672341549
0.0,8.0,3.9661478996,3.966,2.524,4.1522,4.073,1,-1.54,-0.534,-0.601,-0.41,0.48171016858620846
0.0,8.0,4.0,4.001,2.542,4.1536,4.064,1,-1.586,-0.571,-0.639,-0.447,0.4881180893410653
0.0,8.0,4.0784993172,4.078,2.584,4.1566,4.043,1,-1.69,-0.658,-0.727,-0.532,0.5027574243726273
0.0,8.0,4.1807775497,4.179,2.638,4.16,4.013,1,-1.825,-0.775,-0.845,-0.647,0.5230699992233797
0.0,8.0,4.1999998093,4.198,2.648,4.1605,4.007,1,-1.851,-0.798,-0.867,-0.669,0.5270550307747578
0.0,8.0,4.2509932518,4.249,2.675,4.1619,3.99,1,-1.918,-0.857,-0.928,-0.728,0.5381771791963238
0.0,8.0,4.3314595222,4.329,2.719,4.1632,3.961,1,-2.026,-0.958,-1.029,-0.828,0.556727606558145
0.0,8.0,4.4000000954,4.397,2.756,4.1639,3.933,1,-2.119,-1.047,-1.118,-0.917,0.57411204646142
0.0,8.0,4.4010009766,4.398,2.756,4.1639,3.933,1,-2.12,-1.049,-1.12,-0.919,0.5741614261639525
0.0,8.0,4.5065407753,4.504,2.813,4.1639,3.886,1,-2.263,-1.192,-1.263,-1.062,0.6028330045732115
0.0,8.0,4.5875558853,4.584,2.858,4.1626,3.844,1,-2.374,-1.311,-1.381,-1.181,0.6276561181312336
0.0,8.0,4.5999999046,4.597,2.864,4.1622,3.837,1,-2.391,-1.33,-1.401,-1.201,0.6317710655267215
0.0,8.0,4.6612281799,4.659,2.898,4.16,3.8,1,-2.476,-1.428,-1.498,-1.3,0.6531801688756772
0.0,8.0,4.7466464043,4.744,2.946,4.1553,3.742,1,-2.594,-1.575,-1.643,-1.45,0.6861061538296699
0.0,8.0,4.8000001907,4.798,2.976,4.1508,3.698,1,-2.671,-1.677,-1.745,-1.555,0.7105639354674727
0.0,8.0,4.8195066452,4.818,2.987,4.1491,3.682,1,-2.698,-1.715,-1.782,-1.594,0.7194672114827291
0.0,8.0,4.8799676895,4.878,3.023,4.142,3.624,1,-2.786,-1.844,-1.909,-1.727,0.7511547116404225
0.0,8.0,4.9364042282,4.935,3.056,4.1343,3.564,1,-2.87,-1.972,-2.035,-1.859,0.7836773921543944
0.0,8.0,4.983648777,4.982,3.086,4.1259,3.506,1,-2.944,-2.094,-2.154,-1.986,0.8147356752518107
0.0,8.0,5.0,4.999,3.097,4.1239,3.487,1,-2.973,-2.135,-2.194,-2.028,0.8249753820278617
0.0,8.0,5.0362091064,5.035,3.123,4.1194,3.446,1,-3.038,-2.225,-2.283,-2.121,0.847033551096385
0.0,8.0,5.0380892754,5.037,3.125,4.1192,3.444,1,-3.041,-2.229,-2.288,-2.126,0.8481197890804223
0.0,8.0,5.0452866554,5.044,3.134,4.1225,3.449,1,-3.064,-2.233,-2.292,-2.128,0.8459213526020888
0.0,8.0,5.0621008873,5.061,3.157,4.1327,3.468,1,-3.122,-2.234,-2.297,-2.123,0.8371519823059606
0.0,8.0,5.0667004585,5.066,3.172,4.1434,3.496,1,-3.16,-2.211,-2.277,-2.094,0.8233664063788313
0.0,8.0,5.0687646866,5.068,3.187,4.1539,3.524,1,-3.197,-2.188,-2.257,-2.064,0.8094521167572685
0.0,8.0,5.0698781013,5.069,3.204,4.1646,3.549,1,-3.24,-2.17,-2.242,-2.04,0.7969949592632676
0.0,8.0,5.0704975128,5.07,3.221,4.1737,3.569,1,-3.283,-2.16,-2.235,-2.025,0.7870377933182348
0.0,8.0,5.0708436966,5.07,3.231,4.179,3.58,1,-3.308,-2.154,-2.23,-2.016,0.7815377933182347
0.0,8.0,5.071023941,5.07,3.213,4.1744,3.579,2,-3.264,-2.136,-2.211,-2.0,0.7820377933182346
0.0,8.0,5.0711846352,5.071,3.191,4.1662,3.569,2,-3.207,-2.128,-2.2,-1.997,0.7870806189255033
0.0,8.0,5.0713305473,5.071,3.177,4.1569,3.546,2,-3.172,-2.145,-2.215,-2.019,0.7985806189255034
0.0,8.0,5.0715098381,5.071,3.172,4.1452,3.504,2,-3.159,-2.2,-2.267,-2.081,0.8195806189255033
0.0,8.0,5.0716986656,5.071,3.179,4.1336,3.45,2,-3.178,-2.285,-2.348,-2.173,0.8465806189255032
0.0,8.0,5.0719032288,5.071,3.192,4.1218,3.391,2,-3.209,-2.383,-2.442,-2.278,0.8760806189255033
0.0,8.0,5.0721187592,5.071,3.203,4.11,3.332,2,-3.237,-2.477,-2.533,-2.38,0.9055806189255033
0.0,8.0,5.0723428726,5.072,3.211,4.0982,3.276,2,-3.259,-2.563,-2.615,-2.473,0.9336234360884049
0.0,8.0,5.0725708008,5.072,3.217,4.0863,3.223,2,-3.273,-2.642,-2.689,-2.559,0.9601234360884049
0.0,8.0,5.0728006363,5.072,3.221,4.0744,3.172,2,-3.282,-2.714,-2.758,-2.638,0.9856234360884047
0.0,8.0,5.0730295181,5.072,3.223,4.0625,3.122,2,-3.287,-2.781,-2.821,-2.713,1.010623436088405
0.0,8.0,5.0732555389,5.073,3.223,4.0505,3.074,2,-3.289,-2.843,-2.879,-2.782,1.0346662448102688
0.0,8.0,5.0734767914,5.073,3.223,4.0385,3.026,2,-3.288,-2.902,-2.933,-2.849,1.0586662448102688
0.0,8.0,5.0736918449,5.073,3.222,4.0265,2.98,2,-3.284,-2.956,-2.984,-2.911,1.0816662448102687
0.0,8.0,5.0738992691,5.073,3.22,4.0145,2.934,2,-3.279,-3.007,-3.03,-2.971,1.1046662448102686
0.0,8.0,5.074098587,5.073,3.217,4.0025,2.888,2,-3.272,-3.055,-3.073,-3.028,1.1276662448102688
0.0,8.0,5.0742888451,5.074,3.213,3.9904,2.844,2,-3.263,-3.1,-3.113,-3.082,1.1497090450944227
0.0,8.0,5.0744700432,5.074,3.209,3.9784,2.8,2,-3.253,-3.142,-3.149,-3.134,1.1717090450944228
0.0,8.0,5.0746431351,5.074,3.205,3.9663,2.756,2,-3.241,-3.179,-3.181,-3.184,1.1937090450944228
0.0,8.0,5.0748076439,5.074,3.199,3.9543,2.713,2,-3.229,-3.213,-3.208,-3.231,1.2152090450944226
0.0,8.0,5.0749635696,5.074,3.194,3.9422,2.67,2,-3.215,-3.243,-3.229,-3.275,1.2367090450944227
0.0,8.0,5.0751109123,5.075,3.188,3.9301,2.628,2,-3.2,-3.266,-3.244,-3.316,1.257751836944192
0.0,8.0,5.0752511024,5.075,3.182,3.918,2.586,2,-3.184,-3.281,-3.247,-3.352,1.278751836944192
0.0,8.0,5.0753831863,5.075,3.175,3.9058,2.544,2,-3.168,-3.289,-3.242,-3.385,1.2997518369441918
0.0,8.0,5.0755081177,5.075,3.168,3.8937,2.502,2,-3.15,-3.292,-3.23,-3.414,1.320751836944192
0.0,8.0,5.0756263733,5.075,3.161,3.8816,2.461,2,-3.132,-3.287,-3.208,-3.44,1.341251836944192
0.0,8.0,5.0757379532,5.075,3.154,3.8694,2.42,2,-3.114,-3.279,-3.18,-3.464,1.3617518369441919
0.0,8.0,5.0758433342,5.075,3.146,3.8573,2.379,2,-3.095,-3.266,-3.146,-3.487,1.382251836944192
0.0,8.0,5.0759429932,5.075,3.138,3.8451,2.338,2,-3.075,-3.25,-3.107,-3.506,1.4027518369441918
0.0,8.0,5.0760374069,5.075,3.13,3.833,2.297,2,-3.056,-3.231,-3.065,-3.522,1.4232518369441918
0.0,8.0,5.0761265755,5.076,3.122,3.8208,2.256,2,-3.035,-3.209,-3.019,-3.534,1.4437946203629004
0.0,8.0,5.0762114525,5.076,3.114,3.8086,2.216,2,-3.015,-3.185,-2.971,-3.545,1.4637946203629002
0.0,8.0,5.0762915611,5.076,3.105,3.7964,2.176,2,-2.993,-3.159,-2.918,-3.552,1.4837946203629002
0.0,8.0,5.0763678551,5.076,3.097,3.7843,2.136,2,-2.972,-3.13,-2.861,-3.557,1.5037946203629002
0.0,8.0,5.0764408112,5.076,3.088,3.7721,2.096,2,-2.95,-3.097,-2.799,-3.559,1.5237946203629003
0.0,8.0,5.0765099525,5.076,3.079,3.7601,2.057,2,-2.928,-3.062,-2.734,-3.557,1.5432946203629003
0.0,8.0,5.0765762329,5.076,3.07,3.7483,2.019,2,-2.905,-3.023,-2.667,-3.548,1.5622946203629002
0.0,8.0,5.0766420364,5.076,3.06,3.737,1.983,2,-2.88,-2.981,-2.598,-3.533,1.5802946203629002
0.0,8.0,5.0767111778,5.076,3.049,3.7258,1.95,2,-2.852,-2.932,-2.522,-3.511,1.5967946203629002
0.0,8.0,5.0767879486,5.076,3.035,3.7153,1.921,2,-2.819,-2.876,-2.44,-3.48,1.6112946203629002
0.0,8.0,5.0768852234,5.076,3.017,3.7052,1.899,2,-2.773,-2.807,-2.345,-3.433,1.6222946203629003
0.0,8.0,5.076997757,5.076,2.995,3.6964,1.886,2,-2.718,-2.728,-2.244,-3.373,1.6287946203629002
0.0,8.0,5.0771231651,5.077,2.971,3.6877,1.875,2,-2.657,-2.642,-2.136,-3.306,1.6343373953538691
0.0,8.0,5.0772604942,5.077,2.951,3.679,1.86,2,-2.608,-2.567,-2.04,-3.248,1.6418373953538692
0.0,8.0,5.0773572922,5.077,2.945,3.673,1.842,2,-2.594,-2.532,-1.99,-3.226,1.650837395353869
0.0,8.0,5.0774550438,5.077,2.958,3.667,1.806,3,-2.624,-2.54,-1.981,-3.247,1.668837395353869
0.0,8.0,5.0775876045,5.077,2.99,3.6587,1.741,3,-2.705,-2.588,-2.006,-3.314,1.7013373953538693
0.0,8.0,5.0776958466,5.077,3.03,3.6521,1.674,3,-2.806,-2.661,-2.06,-3.402,1.7348373953538692
0.0,8.0,5.0777840614,5.077,3.067,3.6472,1.617,3,-2.898,-2.731,-2.115,-3.483,1.7633373953538691
0.0,8.0,5.0778727531,5.077,3.102,3.643,1.565,3,-2.986,-2.799,-2.171,-3.56,1.7893373953538692
0.0,8.0,5.0779914856,5.077,3.142,3.6385,1.508,3,-3.085,-2.877,-2.236,-3.647,1.8178373953538691
0.0,8.0,5.0780405998,5.077,3.154,3.6373,1.491,3,-3.114,-2.899,-2.254,-3.672,1.826337395353869
0.0,8.0,5.0781493187,5.078,3.176,3.6349,1.459,3,-3.171,-2.943,-2.289,-3.723,1.8423801619204183
0.0,8.0,5.0781788826,5.078,3.181,3.6344,1.453,3,-3.182,-2.951,-2.295,-3.732,1.8453801619204184
0.0,8.0,5.0785307884,5.078,3.223,3.6299,1.393,3,-3.286,-3.032,-2.36,-3.826,1.8753801619204185
0.0,8.0,5.0789632797,5.078,3.265,3.6255,1.332,3,-3.393,-3.114,-2.424,-3.92,1.9058801619204184
0.0,8.0,5.0794029236,5.079,3.306,3.6215,1.275,3,-3.496,-3.194,-2.488,-4.011,1.9344229200658656
0.0,8.0,5.0798792839,5.079,3.35,3.6175,1.216,3,-3.605,-3.279,-2.556,-4.107,1.9639229200658654
0.0,8.0,5.0803551674,5.08,3.393,3.6138,1.158,3,-3.713,-3.364,-2.623,-4.202,1.9929656697935263
0.0,8.0,5.0808310509,5.08,3.436,3.6102,1.101,3,-3.82,-3.448,-2.692,-4.298,2.0214656697935265
0.0,8.0,5.0812797546,5.081,3.473,3.6071,1.051,3,-3.914,-3.52,-2.748,-4.379,2.0465084111067147
0.0,8.0,5.081952095,5.081,3.506,3.6044,1.008,3,-3.995,-3.582,-2.797,-4.45,2.0680084111067147
0.0,8.0,5.0830187798,5.082,3.524,3.6029,0.983,3,-4.041,-3.618,-2.824,-4.49,2.080551144008742
0.0,8.0,5.0852799416,5.085,3.515,3.6039,0.997,3,-4.017,-3.601,-2.813,-4.47,2.0736792922809486
0.0,9.0,0.0900000036,0.09,-3.382,3.3668,5.193,0,13.224,15.273,18.198,13.783,-0.9003449316287706
0.0,9.0,0.1000000015,0.1,-3.221,3.3905,5.173,0,12.823,14.871,17.787,13.381,-0.8674661863484333
0.0,9.0,0.1200000048,0.12,-2.971,3.4245,5.138,0,12.197,14.142,16.903,12.677,-0.8103755633246208
0.0,9.0,0.1220560744,0.122,-2.952,3.4266,5.135,0,12.15,14.064,16.782,12.607,-0.8052862710110591
0.0,9.0,0.1400000006,0.14,-2.79,3.4443,5.103,0,11.746,13.424,15.824,12.023,-0.7594021685093142
0.0,9.0,0.148185581,0.148,-2.731,3.45,5.091,0,11.597,13.201,15.503,11.819,-0.7413353286509546
0.0,9.0,0.1599999964,0.16,-2.65,3.4578,5.075,0,11.394,12.9,15.064,11.545,-0.716406195020471
0.0,9.0,0.200000003,0.2,-2.434,3.4765,5.031,0,10.856,12.146,14.019,10.854,-0.6459511885164425
0.0,9.0,0.25,0.25,-2.232,3.4929,4.992,0,10.351,11.466,13.109,10.233,-0.5779961820124145
0.0,9.0,0.3139313757,0.314,-2.03,3.5062,4.942,0,9.845,10.842,12.341,9.653,-0.503501362311826
0.0,9.0,0.3198592365,0.32,-2.011,3.5074,4.936,0,9.798,10.786,12.273,9.6,-0.49639119718848024
0.0,9.0,0.3476003706,0.348,-1.932,3.5131,4.915,0,9.6,10.542,11.974,9.374,-0.46767656437514293
0.0,9.0,0.3500000238,0.35,-1.926,3.5136,4.914,0,9.584,10.522,11.95,9.355,-0.46593216417329536
0.0,9.0,0.4000000358,0.4,-1.777,3.5244,4.867,0,9.213,10.07,11.403,8.936,-0.4134361906844521
0.0,9.0,0.4500000179,0.45,-1.627,3.5364,4.815,0,8.837,9.614,10.856,8.514,-0.3618599294607617
0.0,9.0,0.5,0.5,-1.471,3.5511,4.764,0,8.447,9.133,10.277,8.074,-0.31348118418042403
0.0,9.0,0.5091509223,0.509,-1.44,3.5547,4.756,0,8.37,9.033,10.155,7.985,-0.30560729518005403
0.0,9.0,0.5500000119,0.55,-1.31,3.5698,4.719,0,8.044,8.615,9.644,7.61,-0.27028484160131155
0.0,9.0,0.5601863861,0.56,-1.276,3.5747,4.712,0,7.959,8.501,9.502,7.511,-0.26287217284533293
0.0,9.0,0.6000000238,0.6,-1.148,3.593,4.688,0,7.64,8.081,8.989,7.143,-0.23589056115661136
0.0,9.0,0.6152633429,0.615,-1.098,3.601,4.681,0,7.514,7.916,8.787,6.999,-0.22702862846072494
0.0,9.0,0.6377907395,0.638,-1.025,3.6126,4.671,0,7.334,7.681,8.5,6.794,-0.21405584698785224
0.0,9.0,0.6499999762,0.65,-0.987,3.619,4.666,0,7.238,7.555,8.348,6.685,-0.20750950802700568
0.0,9.0,0.7000000477,0.7,-0.833,3.6471,4.656,0,6.852,7.035,7.703,6.245,-0.1864171663413047
0.0,9.0,0.7026700377,0.703,-0.825,3.6486,4.656,0,6.832,7.006,7.668,6.222,-0.18548852383852113
0.0,9.0,0.75,0.75,-0.686,3.6754,4.653,1,6.485,6.545,7.104,5.836,-0.1699355546525831
0.0,9.0,0.7510548234,0.751,-0.683,3.6759,4.652,1,6.478,6.536,7.093,5.828,-0.16914621784634923
0.0,9.0,0.8000000119,0.8,-0.554,3.6957,4.63,1,6.155,6.149,6.644,5.492,-0.14442119285246147
0.0,9.0,0.801012218,0.801,-0.551,3.6961,4.63,1,6.149,6.141,6.636,5.486,-0.14414992830631443
0.0,9.0,0.8500000238,0.85,-0.428,3.7149,4.607,1,5.841,5.786,6.23,5.175,-0.119756723491287
0.0,9.0,0.8999999762,0.899,-0.309,3.7324,4.582,1,5.542,5.454,5.857,4.882,-0.09508634048181887
0.0,9.0,0.9066367149,0.906,-0.293,3.7345,4.578,1,5.503,5.411,5.81,4.844,-0.09140208751002692
0.0,9.0,0.9499999881,0.95,-0.194,3.748,4.554,1,5.256,5.147,5.512,4.612,-0.06910438370400958
0.0,9.0,0.9986043572,0.999,-0.087,3.7618,4.524,1,4.988,4.868,5.203,4.364,-0.043183442235442175
0.0,9.0,1.0,1.0,-0.084,3.7621,4.523,1,4.98,4.86,5.194,4.358,-0.04246618634843314
0.0,9.0,1.0180330276,1.018,-0.045,3.7667,4.51,1,4.883,4.76,5.084,4.269,-0.032092297348063216
0.0,9.0,1.0499999523,1.049,0.022,3.7747,4.488,1,4.714,4.588,4.894,4.117,-0.01457844225165461
0.0,9.0,1.1000000238,1.099,0.125,3.7861,4.45,1,4.457,4.329,4.61,3.885,0.014532659863311845
0.0,9.0,1.121724844,1.121,0.169,3.7906,4.433,1,4.348,4.22,4.492,3.787,0.027336619949053318
0.0,9.0,1.1499999762,1.149,0.224,3.7964,4.412,1,4.209,4.082,4.341,3.663,0.0431938279957094
0.0,9.0,1.2000000477,1.199,0.32,3.8062,4.373,1,3.969,3.844,4.084,3.449,0.07194340520099099
0.0,9.0,1.25,1.25,0.411,3.8153,4.337,1,3.742,3.619,3.842,3.246,0.09898882015559503
0.0,9.0,1.252399683,1.252,0.415,3.8157,4.335,1,3.732,3.608,3.83,3.236,0.1003359780887721
0.0,9.0,1.2999999523,1.3,0.497,3.824,4.303,1,3.527,3.404,3.612,3.051,0.12450548980498512
0.0,9.0,1.3100296259,1.31,0.514,3.8258,4.296,1,3.485,3.362,3.567,3.014,0.12966946147944866
0.0,9.0,1.3500000238,1.35,0.58,3.8327,4.272,1,3.321,3.2,3.392,2.868,0.1482006978990696
0.0,9.0,1.3999999762,1.4,0.658,3.8417,4.245,1,3.125,3.006,3.184,2.695,0.16959783149068572
0.0,9.0,1.4399902821,1.44,0.719,3.8495,4.228,1,2.973,2.857,3.022,2.565,0.1842150596991916
0.0,9.0,1.4500000477,1.45,0.734,3.8514,4.223,1,2.936,2.82,2.982,2.533,0.18821781476905416
0.0,9.0,1.488206625,1.488,0.789,3.8591,4.21,1,2.797,2.683,2.833,2.415,0.2003352792564967
0.0,9.0,1.5,1.5,0.806,3.8613,4.205,1,2.754,2.642,2.788,2.379,0.20457944317940735
0.0,9.0,1.5499999523,1.55,0.876,3.8703,4.186,1,2.581,2.472,2.605,2.232,0.2211996627367125
0.0,9.0,1.591620326,1.591,0.932,3.8768,4.167,1,2.44,2.335,2.458,2.112,0.23636890347485753
0.0,9.0,1.6000000238,1.6,0.943,3.878,4.163,1,2.412,2.308,2.429,2.088,0.23959380497952898
0.0,9.0,1.6272028685,1.627,0.979,3.8815,4.148,1,2.323,2.22,2.335,2.009,0.25072759011999624
0.0,9.0,1.6499999762,1.649,1.009,3.8841,4.135,1,2.248,2.147,2.258,1.943,0.26014414147382614
0.0,9.0,1.6637743711,1.663,1.027,3.8856,4.127,1,2.203,2.103,2.211,1.903,0.26597993826132643
0.0,9.0,1.7000000477,1.699,1.074,3.889,4.103,1,2.085,1.987,2.089,1.796,0.28263050308608967
0.0,9.0,1.7298631668,1.729,1.112,3.8916,4.082,1,1.989,1.892,1.99,1.709,0.2969313102885281
0.0,9.0,1.75,1.749,1.138,3.8929,4.066,1,1.924,1.828,1.924,1.649,0.3074287183909051
0.0,9.0,1.7665036917,1.765,1.159,3.894,4.053,1,1.872,1.775,1.87,1.6,0.3159061685134874
0.0,9.0,1.7961143255,1.795,1.197,3.8952,4.027,1,1.777,1.681,1.773,1.509,0.33256604010873553
0.0,9.0,1.7999998331,1.799,1.202,3.8952,4.024,1,1.764,1.668,1.76,1.497,0.33454939532434236
0.0,9.0,1.8225687742,1.821,1.231,3.8956,4.001,1,1.692,1.595,1.686,1.425,0.34868878654902646
0.0,9.0,1.8500000238,1.849,1.266,3.8954,3.972,1,1.604,1.506,1.597,1.337,0.3665022692311532
0.0,9.0,1.8551180363,1.854,1.273,3.8953,3.966,1,1.588,1.49,1.58,1.321,0.37008867855580574
0.0,9.0,1.8823248148,1.881,1.307,3.8942,3.934,1,1.502,1.402,1.493,1.231,0.38922821142675607
0.0,9.0,1.8999999762,1.899,1.329,3.8927,3.91,1,1.447,1.344,1.437,1.17,0.4032962960200754
0.0,9.0,1.914989233,1.914,1.348,3.8914,3.89,1,1.4,1.295,1.39,1.119,0.4150047803719791
0.0,9.0,1.9452923536,1.945,1.386,3.8872,3.842,1,1.306,1.196,1.296,1.01,0.44249361648242996
0.0,9.0,1.9500000477,1.95,1.391,3.8863,3.834,1,1.292,1.181,1.282,0.993,0.44705111933282565
0.0,9.0,1.9707071781,1.971,1.416,3.8823,3.797,1,1.229,1.114,1.221,0.916,0.46787712579128826
0.0,9.0,1.9972145557,1.997,1.448,3.8752,3.744,1,1.151,1.029,1.146,0.815,0.4972228460869179
0.0,9.0,2.0,2.0,1.451,3.8743,3.737,1,1.143,1.021,1.139,0.804,0.5010488114835573
0.0,9.0,2.0167865753,2.017,1.47,3.8685,3.698,1,1.094,0.967,1.094,0.736,0.5223867627579495
0.0,9.0,2.03734231,2.037,1.494,3.8603,3.646,1,1.036,0.903,1.042,0.652,0.5505293281516488
0.0,9.0,2.0499999523,2.05,1.508,3.8545,3.612,1,1.0,0.865,1.013,0.6,0.5689107441794438
0.0,9.0,2.0582773685,2.058,1.517,3.8506,3.589,1,0.977,0.84,0.995,0.566,0.5812564988647738
0.0,9.0,2.0722019672,2.071,1.533,3.843,3.546,1,0.938,0.798,0.965,0.506,0.604123863098293
0.0,9.0,2.0884654522,2.087,1.555,3.8357,3.498,1,0.883,0.741,0.92,0.431,0.6297950381842937
0.0,9.0,2.0959124565,2.095,1.567,3.8332,3.477,1,0.854,0.711,0.894,0.395,0.6411258273027238
0.0,9.0,2.0999999046,2.099,1.581,3.8373,3.48,1,0.816,0.674,0.85,0.368,0.640040032942767
0.0,9.0,2.1018009186,2.101,1.588,3.8392,3.481,1,0.8,0.658,0.83,0.357,0.6397468398545431
0.0,9.0,2.1052856445,2.104,1.61,3.8485,3.497,1,0.746,0.605,0.762,0.328,0.6320566813924176
0.0,9.0,2.1066298485,2.106,1.629,3.8584,3.518,1,0.698,0.56,0.701,0.308,0.6217629970763007
0.0,9.0,2.1073169708,2.106,1.648,3.8683,3.539,1,0.65,0.517,0.642,0.291,0.6112629970763005
0.0,9.0,2.1077182293,2.107,1.668,3.8782,3.558,1,0.599,0.472,0.581,0.272,0.6018660814556169
0.0,9.0,2.1079645157,2.107,1.691,3.8878,3.574,1,0.542,0.423,0.517,0.249,0.5938660814556169
0.0,9.0,2.1081302166,2.107,1.714,3.8969,3.587,1,0.484,0.374,0.454,0.224,0.5873660814556168
0.0,9.0,2.1082367897,2.107,1.725,3.9018,3.596,1,0.457,0.354,0.427,0.217,0.5828660814556168
0.0,9.0,2.1082985401,2.107,1.701,3.8969,3.601,2,0.518,0.409,0.489,0.259,0.5803660814556169
0.0,9.0,2.1083569527,2.107,1.674,3.8894,3.597,2,0.585,0.468,0.559,0.297,0.5823660814556169
0.0,9.0,2.1084122658,2.107,1.657,3.8804,3.578,2,0.628,0.503,0.609,0.308,0.5918660814556169
0.0,9.0,2.1084871292,2.107,1.651,3.8688,3.538,2,0.643,0.51,0.633,0.285,0.6118660814556168
0.0,9.0,2.1085762978,2.108,1.657,3.8572,3.485,2,0.626,0.487,0.629,0.233,0.6384691169218213
0.0,9.0,2.1086807251,2.108,1.666,3.8456,3.43,2,0.606,0.463,0.624,0.179,0.6659691169218211
0.0,9.0,2.1087989807,2.108,1.67,3.8339,3.379,2,0.594,0.449,0.629,0.136,0.6914691169218211
0.0,9.0,2.1089301109,2.108,1.671,3.8226,3.333,2,0.591,0.445,0.645,0.105,0.7144691169218211
0.0,9.0,2.1090741158,2.108,1.67,3.8118,3.291,2,0.595,0.45,0.669,0.083,0.7354691169218212
0.0,9.0,2.1092369556,2.108,1.666,3.8018,3.255,2,0.605,0.461,0.7,0.068,0.7534691169218213
0.0,9.0,2.1094303131,2.108,1.659,3.7922,3.224,2,0.623,0.481,0.74,0.064,0.7689691169218211
0.0,9.0,2.1096799374,2.109,1.647,3.7824,3.197,2,0.653,0.515,0.794,0.073,0.7825721035213099
0.0,9.0,2.1099984646,2.109,1.627,3.7719,3.175,2,0.703,0.572,0.875,0.104,0.79357210352131
0.0,9.0,2.1102750301,2.109,1.605,3.7636,3.164,2,0.758,0.635,0.956,0.146,0.7990721035213099
0.0,9.0,2.1105723381,2.11,1.575,3.7551,3.159,2,0.832,0.718,1.058,0.209,0.8016750413004131
0.0,9.0,2.1108388901,2.11,1.544,3.7477,3.161,2,0.911,0.806,1.161,0.28,0.8006750413004131
0.0,9.0,2.1110694408,2.11,1.514,3.7416,3.166,2,0.985,0.888,1.257,0.349,0.7981750413004131
0.0,9.0,2.111361742,2.11,1.479,3.7339,3.171,2,1.073,0.989,1.374,0.433,0.7956750413004131
0.0,9.0,2.1115806103,2.111,1.456,3.7283,3.171,2,1.129,1.055,1.452,0.486,0.795777930305395
0.0,9.0,2.111954689,2.111,1.45,3.7198,3.144,3,1.145,1.086,1.503,0.499,0.8092779303053949
0.0,9.0,2.1124031544,2.111,1.472,3.711,3.087,3,1.09,1.05,1.487,0.444,0.8377779303053949
0.0,9.0,2.1127762794,2.112,1.51,3.7052,3.026,3,0.996,0.969,1.42,0.35,0.8683807705824541
0.0,9.0,2.1130745411,2.112,1.546,3.7013,2.974,3,0.905,0.887,1.348,0.26,0.8943807705824539
0.0,9.0,2.1133725643,2.112,1.585,3.6978,2.922,3,0.809,0.801,1.27,0.166,0.9203807705824539
0.0,9.0,2.1136674881,2.113,1.624,3.6947,2.87,3,0.71,0.71,1.187,0.069,0.9464835621777232
0.0,9.0,2.1139543056,2.113,1.663,3.6917,2.818,3,0.612,0.62,1.104,-0.028,0.9724835621777234
0.0,9.0,2.1142323017,2.113,1.702,3.6889,2.768,3,0.514,0.531,1.022,-0.124,0.9974835621777235
0.0,9.0,2.1145050526,2.113,1.741,3.6862,2.718,3,0.417,0.442,0.94,-0.218,1.0224835621777233
0.0,9.0,2.1147761345,2.114,1.78,3.6835,2.67,3,0.321,0.354,0.859,-0.312,1.0465863051372706
0.0,9.0,2.1149795055,2.114,1.808,3.6816,2.634,3,0.25,0.289,0.799,-0.381,1.0645863051372704
0.0,9.0,2.1150493622,2.114,1.818,3.681,2.621,3,0.225,0.266,0.778,-0.405,1.0710863051372703
0.0,9.0,2.1153280735,2.114,1.857,3.6784,2.571,3,0.126,0.176,0.694,-0.501,1.0960863051372705
0.0,9.0,2.1153979301,2.114,1.867,3.6778,2.559,3,0.101,0.153,0.673,-0.526,1.1020863051372705
0.0,9.0,2.1154661179,2.114,1.877,3.6771,2.546,3,0.077,0.131,0.653,-0.549,1.1085863051372706
0.0,9.0,2.1157362461,2.115,1.917,3.6745,2.497,3,-0.022,0.041,0.57,-0.645,1.1331889995070974
0.0,9.0,2.1160020828,2.115,1.956,3.672,2.447,3,-0.119,-0.048,0.489,-0.74,1.1581889995070973
0.0,9.0,2.1162626743,2.115,1.995,3.6693,2.398,3,-0.217,-0.137,0.409,-0.836,1.1826889995070973
0.0,9.0,2.1165177822,2.115,2.034,3.6666,2.348,3,-0.315,-0.224,0.33,-0.93,1.2076889995070974
0.0,9.0,2.1167681217,2.116,2.073,3.6639,2.298,3,-0.412,-0.311,0.252,-1.024,1.2327916453331407
0.0,9.0,2.1170089245,2.116,2.111,3.6611,2.249,3,-0.507,-0.396,0.176,-1.116,1.2572916453331406
0.0,9.0,2.1173217297,2.116,2.161,3.6575,2.184,3,-0.633,-0.507,0.077,-1.236,1.2897916453331406
0.0,9.0,2.1175866127,2.116,2.204,3.6543,2.128,3,-0.741,-0.602,-0.007,-1.34,1.3177916453331406
0.0,9.0,2.1178147793,2.117,2.242,3.6514,2.079,3,-0.836,-0.685,-0.08,-1.43,1.3423942426612727
0.0,9.0,2.1180753708,2.117,2.287,3.6481,2.021,3,-0.947,-0.781,-0.164,-1.535,1.3713942426612726
0.0,9.0,2.1183304787,2.117,2.33,3.6448,1.965,3,-1.056,-0.875,-0.246,-1.637,1.3993942426612727
0.0,9.0,2.1186125278,2.117,2.378,3.6411,1.902,3,-1.175,-0.977,-0.336,-1.747,1.4308942426612727
0.0,9.0,2.1188910007,2.118,2.423,3.6376,1.843,3,-1.288,-1.072,-0.419,-1.851,1.4604967915372997
0.0,9.0,2.1191809177,2.118,2.464,3.6345,1.79,3,-1.39,-1.158,-0.495,-1.944,1.4869967915372997
0.0,9.0,2.1193757057,2.118,2.485,3.6328,1.762,3,-1.444,-1.203,-0.534,-1.993,1.5009967915373
0.0,10.0,0.0900000036,0.09,-3.421,3.3635,5.219,1,13.323,15.373,18.308,13.882,-0.913344931628771
0.0,10.0,0.1000000015,0.1,-3.237,3.3896,5.186,1,12.864,14.912,17.834,13.422,-0.8739661863484333
0.0,10.0,0.1095180213,0.109,-3.104,3.4072,5.163,1,12.531,14.579,17.491,13.09,-0.8437529373781216
0.0,10.0,0.1200000048,0.12,-2.971,3.4249,5.139,1,12.197,14.135,16.888,12.672,-0.810875563324621
0.0,10.0,0.1400000006,0.14,-2.788,3.4448,5.103,1,11.74,13.412,15.804,12.013,-0.7594021685093142
0.0,10.0,0.1482346505,0.148,-2.727,3.4506,5.091,1,11.589,13.186,15.478,11.805,-0.7413353286509546
0.0,10.0,0.1599999964,0.16,-2.646,3.4584,5.074,1,11.386,12.884,15.038,11.531,-0.7159061950204709
0.0,10.0,0.200000003,0.2,-2.427,3.4771,5.026,1,10.836,12.119,13.982,10.83,-0.6434511885164426
0.0,10.0,0.25,0.25,-2.214,3.4934,4.975,1,10.304,11.415,13.053,10.184,-0.5694961820124143
0.0,10.0,0.3000000119,0.3,-2.049,3.5038,4.931,1,9.893,10.911,12.434,9.714,-0.507905558988602
0.0,10.0,0.3500000238,0.35,-1.901,3.5125,4.885,1,9.523,10.472,11.909,9.301,-0.4514321641732954
0.0,10.0,0.3675432801,0.368,-1.848,3.5165,4.87,1,9.391,10.308,11.708,9.15,-0.4330422770116745
0.0,10.0,0.4000000358,0.4,-1.757,3.5236,4.843,1,9.162,10.027,11.367,8.89,-0.4014361906844521
0.0,10.0,0.4500000179,0.45,-1.606,3.536,4.793,1,8.785,9.566,10.812,8.465,-0.35085992946076155
0.0,10.0,0.5,0.5,-1.446,3.5517,4.742,1,8.385,9.069,10.211,8.012,-0.3024811841804239
0.0,10.0,0.5500000119,0.55,-1.267,3.5721,4.686,1,7.938,8.497,9.514,7.499,-0.2537848416013113
0.0,10.0,0.6000000238,0.6,-1.092,3.5975,4.65,1,7.5,7.922,8.81,6.995,-0.21689056115661173
0.0,10.0,0.6499999762,0.65,-0.912,3.6284,4.629,1,7.05,7.324,8.074,6.48,-0.18900950802700528
0.0,10.0,0.6561416984,0.656,-0.89,3.6324,4.626,1,6.995,7.249,7.981,6.417,-0.18551426666060336
0.0,10.0,0.7000000477,0.7,-0.736,3.6597,4.61,1,6.611,6.734,7.348,5.983,-0.16341716634130507
0.0,10.0,0.7189142108,0.719,-0.671,3.6711,4.602,1,6.447,6.523,7.096,5.804,-0.1536017411569921
0.0,10.0,0.7406622767,0.741,-0.596,3.6837,4.591,1,6.26,6.29,6.821,5.605,-0.1415570823587693
0.0,10.0,0.75,0.75,-0.564,3.6891,4.586,1,6.181,6.194,6.708,5.522,-0.13643555465258345
0.0,10.0,0.7565164566,0.756,-0.543,3.6922,4.58,1,6.127,6.13,6.635,5.466,-0.13170528859783015
0.0,10.0,0.7757515907,0.775,-0.479,3.7013,4.564,1,5.967,5.945,6.423,5.304,-0.11831533509527817
0.0,10.0,0.793291688,0.793,-0.421,3.7095,4.548,1,5.821,5.779,6.236,5.157,-0.10532959268963141
0.0,10.0,0.8000000119,0.8,-0.398,3.7125,4.541,1,5.766,5.716,6.165,5.101,-0.09992119285246169
0.0,10.0,0.8096140027,0.809,-0.366,3.7167,4.531,1,5.685,5.627,6.065,5.022,-0.09249192554229699
0.0,10.0,0.8266493082,0.826,-0.309,3.724,4.512,1,5.542,5.469,5.89,4.88,-0.07847616268824197
0.0,10.0,0.8419314623,0.841,-0.257,3.7302,4.493,1,5.412,5.329,5.736,4.753,-0.06506818844947737
0.0,10.0,0.8500000238,0.849,-0.23,3.7334,4.482,1,5.344,5.255,5.654,4.687,-0.05751234122645703
0.0,10.0,0.8648484349,0.864,-0.178,3.7389,4.46,1,5.215,5.117,5.503,4.562,-0.042709315108986665
0.0,10.0,0.880358398,0.879,-0.123,3.7443,4.435,1,5.078,4.974,5.347,4.432,-0.026471748811547107
0.0,10.0,0.8946489096,0.894,-0.072,3.749,4.409,1,4.949,4.84,5.202,4.309,-0.00979742695047436
0.0,10.0,0.8999999762,0.899,-0.052,3.7507,4.399,1,4.9,4.789,5.147,4.262,-0.0035863404818189076
0.0,10.0,0.9101797938,0.909,-0.014,3.7536,4.378,1,4.806,4.693,5.044,4.173,0.009315755262550386
0.0,10.0,0.9272469282,0.926,0.05,3.7578,4.338,1,4.646,4.529,4.871,4.019,0.03333930699253389
0.0,10.0,0.9426711798,0.941,0.107,3.7607,4.299,1,4.502,4.383,4.718,3.88,0.056328625365194965
0.0,10.0,0.9499999881,0.949,0.137,3.7619,4.278,1,4.428,4.309,4.641,3.808,0.06866691986521317
0.0,10.0,0.9547021985,0.954,0.156,3.7626,4.264,1,4.38,4.26,4.59,3.762,0.07680800100361408
0.0,10.0,0.9564049244,0.955,0.163,3.7628,4.258,1,4.362,4.242,4.572,3.744,0.08003549944343982
0.0,10.0,0.9658485055,0.965,0.204,3.7635,4.224,1,4.259,4.139,4.467,3.643,0.09929747032346292
0.0,10.0,0.9732162356,0.972,0.237,3.7635,4.195,1,4.177,4.056,4.384,3.561,0.11536694611470384
0.0,10.0,0.9815788269,0.981,0.276,3.7628,4.157,1,4.08,3.96,4.289,3.463,0.13636831734154095
0.0,10.0,0.9871484041,0.986,0.303,3.7618,4.128,1,4.014,3.895,4.225,3.396,0.15197227112217226
0.0,10.0,0.9889951348,0.988,0.311,3.7612,4.118,2,3.991,3.873,4.204,3.372,0.15741228594538065
0.0,10.0,0.9965278506,0.996,0.348,3.7575,4.07,2,3.9,3.784,4.124,3.276,0.1831634828634159
0.0,10.0,1.0,0.999,0.363,3.7538,4.041,2,3.862,3.75,4.097,3.233,0.19831655776455764
0.0,10.0,1.0036079884,1.003,0.379,3.7497,4.011,2,3.822,3.714,4.071,3.188,0.2141842801617757
0.0,10.0,1.0078623295,1.007,0.391,3.7403,3.964,2,3.794,3.696,4.072,3.151,0.2385485489283757
0.0,10.0,1.0107438564,1.01,0.391,3.7297,3.922,2,3.792,3.712,4.11,3.144,0.2601945005428879
0.0,10.0,1.0127197504,1.011,0.391,3.7197,3.883,2,3.793,3.731,4.152,3.141,0.27990939144706717
0.0,10.0,1.0145745277,1.013,0.402,3.71,3.834,2,3.765,3.725,4.167,3.114,0.3048385363317069
0.0,10.0,1.0164014101,1.015,0.433,3.702,3.771,2,3.688,3.667,4.129,3.039,0.33676683477618263
0.0,10.0,1.0173947811,1.016,0.458,3.6985,3.733,2,3.626,3.614,4.085,2.978,0.3559806676255169
0.0,10.0,1.0188294649,1.017,0.509,3.6951,3.669,3,3.498,3.496,3.975,2.853,0.38819429011293893
0.0,10.0,1.0200765133,1.019,0.56,3.6928,3.609,3,3.37,3.375,3.859,2.727,0.4186209056547799
0.0,10.0,1.0209747553,1.019,0.601,3.6915,3.563,3,3.266,3.275,3.762,2.625,0.44162090565477974
0.0,10.0,1.0218374729,1.02,0.645,3.6903,3.515,3,3.158,3.17,3.66,2.518,0.4658338995325254
0.0,10.0,1.0226486921,1.021,0.689,3.6892,3.467,3,3.049,3.064,3.556,2.409,0.4900466846950217
0.0,10.0,1.023404479,1.022,0.733,3.6881,3.419,3,2.939,2.958,3.453,2.3,0.5142592615509136
0.0,10.0,1.0240519047,1.022,0.773,3.6871,3.374,3,2.837,2.859,3.357,2.199,0.5367592615509136
0.0,10.0,1.024668932,1.023,0.815,3.686,3.328,3,2.732,2.757,3.258,2.095,0.5599716305076469
0.0,10.0,1.0252929926,1.024,0.861,3.6847,3.278,3,2.617,2.646,3.151,1.981,0.5851837919714726
0.0,10.0,1.0258209705,1.024,0.903,3.6834,3.231,3,2.512,2.546,3.053,1.877,0.6086837919714727
0.0,10.0,1.0262933969,1.024,0.944,3.6822,3.185,3,2.411,2.448,2.959,1.777,0.6316837919714726
0.0,10.0,1.0267322063,1.025,0.984,3.6809,3.14,3,2.31,2.352,2.866,1.677,0.6543957463474531
0.0,10.0,1.0271664858,1.025,1.027,3.6793,3.091,3,2.201,2.248,2.767,1.57,0.6788957463474531
0.0,10.0,1.0276389122,1.026,1.079,3.6774,3.031,3,2.072,2.125,2.65,1.443,0.7091074940394654
0.0,10.0,1.0279848576,1.026,1.121,3.6757,2.983,3,1.967,2.026,2.556,1.34,0.7331074940394654
0.0,10.0,1.0282899141,1.026,1.161,3.6741,2.937,3,1.868,1.933,2.467,1.243,0.7561074940394655
0.0,10.0,1.0285718441,1.026,1.2,3.6724,2.891,3,1.77,1.841,2.379,1.147,0.7791074940394654
0.0,10.0,1.0289107561,1.027,1.252,3.6701,2.83,3,1.64,1.719,2.263,1.02,0.8098190354502057
0.0,10.0,1.0292109251,1.027,1.302,3.6678,2.77,3,1.515,1.602,2.154,0.898,0.8398190354502058
0.0,10.0,1.0294859409,1.027,1.352,3.6654,2.711,3,1.39,1.486,2.044,0.777,0.8693190354502058
0.0,10.0,1.0297415257,1.027,1.402,3.6629,2.651,3,1.264,1.371,1.936,0.655,0.8993190354502059
0.0,10.0,1.0299755335,1.027,1.45,3.6604,2.593,3,1.145,1.261,1.833,0.54,0.9283190354502058
0.0,10.0,1.0302153826,1.027,1.495,3.6581,2.539,3,1.033,1.159,1.737,0.432,0.9553190354502057
0.0,10.0,1.0304607153,1.027,1.529,3.6564,2.498,3,0.947,1.079,1.663,0.349,0.9758190354502055
0.0,10.0,1.030646801,1.027,1.5,3.6584,2.535,3,1.02,1.144,1.722,0.419,0.9573190354502057
0.0,10.0,1.0307711363,1.027,1.459,3.661,2.586,3,1.122,1.235,1.805,0.516,0.9318190354502058
0.0,10.0,1.0307816267,1.027,1.457,3.6612,2.59,3,1.128,1.241,1.811,0.522,0.9298190354502059
0.0,10.0,1.0309553146,1.027,1.503,3.6586,2.534,3,1.013,1.136,1.713,0.411,0.9578190354502059
0.0,10.0,1.0311336517,1.028,1.55,3.656,2.475,3,0.894,1.028,1.614,0.297,0.9875303709811951
0.0,10.0,1.031304121,1.028,1.598,3.6532,2.417,3,0.774,0.919,1.515,0.181,1.0165303709811953
0.0,10.0,1.0314571857,1.028,1.645,3.6506,2.359,3,0.658,0.814,1.419,0.069,1.0455303709811952
0.0,10.0,1.0316026211,1.027,1.692,3.6477,2.3,3,0.539,0.708,1.324,-0.045,1.0748190354502059
0.0,10.0,1.0317305326,1.027,1.738,3.645,2.244,3,0.425,0.607,1.233,-0.154,1.1028190354502057
0.0,10.0,1.0318506956,1.027,1.784,3.6421,2.186,3,0.309,0.504,1.141,-0.264,1.1318190354502058
0.0,10.0,1.0319590569,1.027,1.83,3.6392,2.129,3,0.195,0.404,1.052,-0.373,1.1603190354502058
0.0,10.0,1.032058239,1.027,1.875,3.6364,2.072,3,0.082,0.306,0.966,-0.479,1.1888190354502057
0.0,10.0,1.0321513414,1.027,1.921,3.6334,2.014,3,-0.032,0.207,0.879,-0.586,1.2178190354502059
0.0,10.0,1.0322337151,1.027,1.965,3.6305,1.958,3,-0.143,0.111,0.794,-0.689,1.245819035450206
0.0,10.0,1.0323090553,1.026,2.009,3.6275,1.902,3,-0.253,0.018,0.712,-0.789,1.2736074940394655
0.0,10.0,1.0323799849,1.026,2.054,3.6244,1.845,3,-0.366,-0.077,0.628,-0.891,1.3021074940394655
0.0,10.0,1.0324425697,1.026,2.097,3.6214,1.789,3,-0.474,-0.168,0.546,-0.989,1.3301074940394655
0.0,10.0,1.0325020552,1.025,2.142,3.6183,1.732,3,-0.585,-0.261,0.464,-1.089,1.3583957463474532
0.0,10.0,1.032553792,1.025,2.184,3.6154,1.678,3,-0.689,-0.347,0.388,-1.182,1.3853957463474533
0.0,10.0,1.0326032639,1.025,2.227,3.6122,1.623,3,-0.797,-0.436,0.309,-1.278,1.4128957463474532
0.0,10.0,1.0326488018,1.024,2.27,3.6091,1.567,3,-0.904,-0.524,0.232,-1.373,1.4406837919714728
0.0,10.0,1.0326894522,1.024,2.311,3.606,1.513,3,-1.008,-0.606,0.16,-1.463,1.4676837919714727
0.0,10.0,1.0327278376,1.023,2.353,3.6028,1.458,3,-1.113,-0.689,0.092,-1.556,1.4949716305076468
0.0,10.0,1.0327627659,1.022,2.394,3.5996,1.404,3,-1.216,-0.769,0.027,-1.646,1.5217592615509137
0.0,10.0,1.032794714,1.022,2.435,3.5964,1.35,3,-1.317,-0.845,-0.029,-1.733,1.5487592615509136
0.0,10.0,1.0328247547,1.021,2.476,3.5931,1.296,3,-1.419,-0.921,-0.085,-1.821,1.575546684695022
0.0,10.0,1.0328518152,1.02,2.515,3.5899,1.243,3,-1.519,-0.994,-0.139,-1.906,1.6018338995325254
0.0,10.0,1.0328763723,1.019,2.554,3.5866,1.191,3,-1.615,-1.06,-0.182,-1.986,1.62762090565478
0.0,10.0,1.0328998566,1.018,2.594,3.5833,1.137,3,-1.714,-1.128,-0.225,-2.067,1.6544077026519366
0.0,10.0,1.0329210758,1.017,2.632,3.58,1.086,3,-1.81,-1.193,-0.267,-2.146,1.679694290112939
0.0,10.0,1.0329406261,1.016,2.669,3.5766,1.034,3,-1.904,-1.249,-0.29,-2.218,1.705480667625517
0.0,10.0,1.0329591036,1.015,2.707,3.5732,0.982,3,-1.998,-1.304,-0.312,-2.291,1.7312668347761826
0.0,10.0,1.0329762697,1.014,2.745,3.5697,0.93,3,-2.092,-1.357,-0.329,-2.361,1.7570527911502252
0.0,10.0,1.03299582,1.012,2.79,3.5653,0.867,3,-2.205,-1.411,-0.326,-2.441,1.7881240699034568
0.0,10.0,1.033013463,1.01,2.834,3.5611,0.805,3,-2.314,-1.463,-0.321,-2.517,1.818694500542888
0.0,10.0,1.0330297947,1.008,2.877,3.5568,0.744,3,-2.423,-1.505,-0.294,-2.587,1.84876407970632
0.0,10.0,1.0330449343,1.006,2.92,3.5524,0.682,3,-2.53,-1.543,-0.256,-2.653,1.879332804011521
0.0,10.0,1.0330587626,1.004,2.962,3.5479,0.621,3,-2.635,-1.572,-0.201,-2.71,1.909400670056067
0.0,10.0,1.0330716372,1.001,3.003,3.5434,0.561,3,-2.738,-1.592,-0.126,-2.76,1.938750852391226
0.0,10.0,1.0330837965,0.998,3.044,3.5389,0.501,3,-2.841,-1.607,-0.042,-2.806,1.9680990842952524
0.0,10.0,1.0330947638,0.995,3.084,3.5344,0.441,3,-2.941,-1.609,0.072,-2.838,1.9974453540244295
0.0,10.0,1.0331050158,0.992,3.124,3.5298,0.382,3,-3.04,-1.608,0.189,-2.868,2.026289649728656
0.0,10.0,1.0331145525,0.988,3.162,3.5253,0.324,3,-3.136,-1.585,0.34,-2.875,2.054412285945381
0.0,10.0,1.033123374,0.984,3.2,3.5207,0.266,3,-3.229,-1.558,0.5,-2.877,2.0825313628672375
0.0,10.0,1.0331317186,0.979,3.237,3.516,0.208,3,-3.322,-1.505,0.701,-2.852,2.110425159553136
0.0,10.0,1.0331395864,0.974,3.274,3.5114,0.15,3,-3.414,-1.443,0.917,-2.818,2.1383132920908743
0.0,10.0,1.0331468582,0.968,3.309,3.5067,0.094,3,-3.502,-1.391,1.095,-2.79,2.1649714923057637
0.0,10.0,1.0331535339,0.962,3.343,3.5022,0.039,3,-3.588,-1.336,1.27,-2.757,2.1911213496704733
0.0,10.0,1.0331602097,0.956,3.378,3.4976,-0.017,3,-3.674,-1.278,1.44,-2.719,2.2177627597896166
0.0,10.0,1.0331654549,0.95,3.403,3.4943,-0.058,3,-3.737,-1.239,1.55,-2.693,2.2368956162959908
